1,WLNEEKIVQRLIEQIHPSKDENQHSNASQSL
1,RLARALPTSKPEGSLHSSPVGPSSSKGSGPP
1,NECEKSFWRKDHLIQHQKTHTGEKPFKCNEC
1,EMHRSVKANGQVSLPHFPRTHRLPKEMTPVE
1,RKVCGHKQSLKQHQIHTQKKPDGCSECGGSF
1,AFPVPYGLGGVADAEHPALKAGAGLHAGAGG
1,SIFTEHKDIFSREKCHKCEECGKDCRLFSDF
1,ILEEEDDLWVRIRHRHIAVVLEEIPKLMKEI
1,LAARLGEAEEKIKVLHSALKATQAELLELRR
1,AKLNKKVKELEEELQHLKQVLDGKEEVEKQH
1,SAPTRLEPETAPTKSLVSHIPKQMSTPCHPLRSLNFR
1,NERLKASFAPMEDKLNQAHLEVQQLKASVKNYEGMID
1,LPPKPQKMRRPRPLSVYSHKLFNGSMEAFIKDSGQA
0,SVPRGLPYFSVDFGLHGGFAHVIEDQHKFPH
0,GGPAEGAELSFLGDMHLGRGFRDTGEASSIA
0,IALASFPGAGNTWARHLIELATGFYTGSYYF
0,AEFNRKYGGHIGFAAHAHWKGKEWPEFVRNY
0,EWPEFVRNYAPWWATHTLDWLKFGKKVLVVH
0,FLLTLSSISELSARLHLWAFKMDYETTEKEV
0,FLKDCAERIIILKIVHRRIINRFHSFLLFMG
0,QGDVPSQVDAGLSIIHIGETPSEHGKCKKFF
0,CNVWESMASMPVGVLHPAVAVKDQRLYLFGG
0,GEDIMQNPVRLIQVYHISRNSWFKMETRMIK
0,HKVLKSPRLFTFSEFHLLKTMLLWVFLQLNY
0,LNFFPESWLDQVTVNHYHALENGGDMVHLKD
0,PSWLNLDNPRVTIVTHQDVFRNLSHLPTFSS
0,NLSHLPTFSSPAIESHIHRIEGLSQKFIYLN
0,PIIRHASIANKWKTIHLIMHSGMNATTIHFN
0,QKLGATQRDQKQILVHIGFLTEESGDVFSPR
0,VFSQHPYAENFIGKPHVWTVDYNNSEEFEAA
0,AHAPQSPFVLAPNATHLEWARNTSLAPGAWP
0,KEKMIISPGRYFLLCHSSLLDHLLTECPEIE
0,LPGNATISKAGKLPYHHVIHAVGPRWSGYEA
0,VLKTSSWNLDCRYVLHVVAPEWRNGSTSSLK
0,RAAAAKSTAMEETAIWEQHTVTLHRAPGFGFGIAISG
0,NNLYLNFQSDISVSAAGFHLEYTAIGLDSCPEPQTPS
0,YFKNVVLVGSLQDRYVPYHSARIEMCKTALKDKQSGQ
0,AKRLLGQIVDRCRNGPGFHNDIDSNSTIQEILIPASK	
0,SGREEAKDSKQNGGLIPVHSLNLLLKSIGATLTDVQD