label,sequence
1,PNMVTPGHACTQKFSHEEIAMATVTALRRTV
1,VESTGVFTTMEKAGAHLQGGAKRVIISAPSA
1,GVTLISPFVGRILDWHVANTDKKSYEPLEDP
1,MLKKPKFELGKLMELHGEGSSSGKATGDETG
1,RGGAEQFMEETERSLHDAIMIVRRAIKNDSV
1,IEILSEKAGIIQDTWHKATQKGDPVAILKRQ
1,DVIEDKLKGEMMDLQHGSLFLRTPKIVSGKD
1,VPRKLLSHGKKPFSQHVRKLRASITPGTILI
1,LTDAYFKKKKLRKPRHQEGEIFDTEKEKYEI
1,IDPRRGTLVAEREKAHEGARPMRAIFLADGK
1,YRDRDSQRDLVEAVAHILGIRDLAAVNLDSS
1,YGSRIGGGIDVPVPRHSVGVVIGRSGEMIKK
1,AAKGPVLRNCISTVVHQGLIRICSKPVVLPK
1,IPVPPDQLEDMAERFHFVSSTSELHLMKMEF
1,DMAERFHFVSSTSELHLMKMEFLELKYRLLS
1,YLQDADQQLQNMKRRHSELELNIAQNMVSQV
1,IILDHQARLLMVLQPHMLPRDGEMHIHTGSS
1,TIRGDFSVHISRNVIHASDSVEGAQREIQLW
1,EMIKSGMNVARLNFSHGTHEYHAETIKNVRT
1,GTKDPVPGYSVPAAEHSTITAWGKDHEKDAF
1,SFIAGLTAPPGRRMGHAGAIIAGGKGGAKEK
1,RLFDLRADQELMTYSHDNIICGITSVSFSKS
1,SSHRGWEILRQNTLGHLNLGLNLSEGDGEEV
1,SIRALFGTDGIRNAAHGPDSFASAAREMELF
1,IGTCATMFSSEVQFGHAGACANQASETAVAK
1,RGKGGKGLGKGGAKRHRKVLRDNIQGITKPA
1,VFLENVIRDAVTYTEHAKRKTVTAMDVVYAL
1,HALYQAGQLTLILVDHHILSKSDTALEEAVA
1,ALYQAGQLTLILVDHHILSKSDTALEEAVAE
1,GSPQMVRRDIGLSVTHRFSTKSWLSQVCHVC
1,SMIFGVKCKHCRLKCHNKCTKEAPACRISFL
1,DHYKAKATRHIFLIRHSQYHVDGSLEKDRTL
1,VSYDQATSLRILNNGHAFNVEFDDSQDKAVL
1,LKGGPLDGTYRLIQFHFHWGSLDGQGSEHTV
1,GGPLDGTYRLIQFHFHWGSLDGQGSEHTVDK
1,GSEHTVDKKKYAAELHLVHWNTKYGDFGKAV
1,PLPQGHEFELYEVRFHWGRENQRGSEHTVNF
1,GSEHTVNFKAFPMELHLIHWNSTLFGSIDEA
1,ILLELEAPLKICGDIHGQYYDLLRLFEYGGF
1,AKFLHKHDLDLICRAHQVVEDGYEFFAKRQL
1,ILLELEAPLKICGDIHGQYTDLLRLFEYGGF
1,YKIKYPENFFLLRGNHECASINRIYGFYDEC
1,CLPIAAIVDEKIFCCHGGLSPDLQSMEQIRR
1,SKFLNRHDLDLICRAHQVVEDGYEFFAKRQL
1,KPIGCDCKDLSYKDRHWHEACFHCSQCRNSL
1,IMPGTRKMEYKGSSWHETCFICHRCQQPIGT
1,KPITTGGVTYREQPWHKECFVCTACRKQLSG
1,GLGGTKYISFEERQWHNDCFNCKKCSLSLVG
1,DICGKRYKNRPGLSYHYAHSHLAEEEGEDKE
1,RYKNRPGLSYHYAHSHLAEEEGEDKEDSQPP
1,QPEELVSCSDCGRSGHPSCLQFTPVMMAAVK
1,NDDQLLFCDDCDRGYHMYCLTPSMSEPPEGS
1,IISKSSSMFHIMKHNHYSSRFGSKLGLQCIG
1,VKTLQGQCVESIQKIHDLSLHPDETKNMLEM
1,FQHRENRLAERMAILHAERQLLYRSWFMWHQ
1,TEKKTEEIMKEGKQFHRIVTYHRHLYDIHVT
1,LRNFNSAKDMKKAVAHMKYMGKGSMTGLALK
1,FNMGQSHQGSPLVTRHNSAATAMVTEQKAGA
1,SYDLVLSKPSKGQKRHLSTCDGQNPPKKQAG
1,QVCPVHRILYKDRNLHIPTMENGPELILRFQ
1,LLVLRLCAWPALLARHEQLLYVSRKLLGQRL
1,LEGMFRKLNHLLERLHQSFFLYLLPGLSRFV
1,NVISKSQLKNIKKMWHREQMKSESREKKEAE
1,TIRGDFCIQVGRNIIHGSDSVKSAEKEISLR
1,QFPGLGVGSFGAPRHHEMPNREPAGMGLNPF
1,SAAKSDNLDYRLGAIHSLVYKLPEKNREMLE
1,VQEVNGLYRAQAELQHVLGRAREAQDLGPEP
1,LTLDYDTRRIYWVDAHLDRIESADLNGKLRQ
1,RVGERVLGTVHTHAFHFKLDLDVAGLKNWVV
1,QELQRARQREKMNEEHNKRLSDTVDRLLTES
1,YKKSKKHKKKSKKRRHKSDSPESDAEREKDK
1,ADYSQLELRILAHLSHDRRLIQVLNTGADVF
1,KAFKQLSTLTTHKIIHVGEKLYKCEECGKGF
1,KNQHLRLDDCDFQTNHTLKQTLSCYSEVWVV
1,KSTGLKLSKKKARRRHTDDPSKECFTLKFDL
1,EEAQMEVEQYRREREHEFQSKQQAAMGSQGN
1,FMGVVSLGSPSGEVSHPRKTRTVVQPSVGAA
1,VLDMEAITFKKLVKGHAYSVTGAKQVNYRGQ
1,IQEDTGLLYLNRSLDHSSWEKLSVRNRGFPL
1,EAVDQLVKFNRALADHSMAQTPRLIDGIVLT
1,SVKRMKESRLEDTQKHRVDFLQLMIDSQNSK
1,YAFFVQTCREEHKKKHPDASVNFSEFSKKCS
1,VLLDREQGGKDKLQAHGIRLHSVCTLSKMLE
1,VREKVFDVIIRCFKRHGAEVIDTPVFELKET
1,AHCNLNKRSQVILGAHSITREEPTKQIMLVK
1,RKFRTLTELILDAQEHVKNPYKGKKLKKHPD
1,PGCNKRYFKLSHLQMHSRKHTGEKPYQCDFK
1,LKSDTAAAAVRQMNPHIRVTSHQNRVGPDTE
1,PLAETTEDFWRMLWEHNSTIVVMLTKLREMG
1,SVKQIKEGRLKETQKHRVDFLQLMIDSQNSK
1,VQFASKEIAENALGKHKERIGHRYIEIFRSS
1,DNREKRGLALDGKLKHEDTNLASSTIVKEGA
1,IKENSNAAIIKRFNHHSAMVLAAGLRKQEAQ
1,KWLPNGTLKIIDRKKHIFKLAQGEYIAPEKI
1,LGSVERSELQALLQRHLCPERRLRAAQEMAR
1,ADAVVALEQYASKVLHDSQIPRNGKGQQVGD
1,SPEPCTKMTMRLRRNHSNAQFIESYVCRMCS
1,RVRCLRGGSRGAEAVHYIGSRLGRTLTGWVQ
1,PCGQDKYISKNELLLHLKTYNLYYEGQNLQL
1,FSKAVNDKKGTVKHYHVHTNAENKLYLAENY
1,VQQSKRGTMGWQKAGHPPSDGQQRATQQGSL
1,RTLGKGNFAVVKLARHRVTKTQVAIKIIDKT
1,GEQRIHLLLERGIGEHQKTQGLRAIMNNREL
1,DKIYDDYYPDLKGRVHFTSNDLKSGDASINV
1,GYAILEKKGALAERQHTSMDLPKLASDDRPS
1,TPSQIMSLEKEIMDKHLKRKAMTKKKELTLL
1,QGEEQYECVLKRKEQHVAEQISKMMELAREK
1,QELAEREMDIVERELHLLMCQLSQEKPRVRK
1,PGNVKALLRRATTYKHQNKLREATEDLSKVL
1,SSFKDRDHFQLGSLSHLLNAKATGYQELPDW
1,CDNDHVSKMSRIFNPHLNKTANGDCRRDPRE
1,DNDFVTPEPRRTTRRHPNTQQRASKKKPKVV
1,RRQLRAPGGGFKPIKHGSPEFCGILGERVDP
1,IALRGGGAADPPFCPHYEKVSGDYGHPVYIV
1,QRGRLMQEVNRQLQGHLGEIRELKQLNRRLQ
1,VLWLMHFMAIIYTRLHLNKKATDKQPYSKLP
1,HDEHNEKELELMINQHLIRTRSTASRDERNT
1,RAFSLKSHLILHQRGHTGEKPYECSECGKAF
1,KVELAARLQKMLQDLHTEQERLQGEAQAWAR
1,QTVKRELIQGIFMGEHREGFETQLKTNESVA
1,FHYQTKEDQEILHSLHRESSCQGFAWATDLS
1,PFECKECGETFRLYRHMCLHQKIHHGVKPYK
1,EILCTQCSFSTKHQKHYICPIKKAASYHREI
1,NIVHDGKPSEGSYRIHVLHHGTGKWYELQDL
1,SQESTKKKLSQKKLVHENPKANEQLNRRSQR
1,LAVYDLSRDILNNFPHSIARQKRILVNLSMV
1,LDDDEEDEELPRFILHYETHPFETGMIVWFK
1,PVTSIFLWPGNKQQAHRVSAEEGYESRACSD
1,TISKACGKNLPLRLAHCRSTMEVVREKLRKY
1,LTDNQYHYFLRKLRIHLTPYINWKYFLQNFS
1,SDTRPYPCQFCGKRFHQKSDMKKHTYIHTGE
1,VAAQEEPDKEGKEKPHAGVSPRGVKRQRRSS
1,VESVYTTFRDREIMFHVSTKLPFTDGDAQQL
1,LSIMKDEPEEAELILHDALRLAYQTDNKKAI
1,LSDMDLNNLNELSKRHVLLSQKGSQFVYHIN
1,ADAKKARRIKTNMWKHNIKFHQLPYREMEHL
1,VSEGLSFLHSSVKMVHGNITPENIILNKSGA
1,NNQYMVLDLKKVKLNHSLDKGTLYIVEQIPT
1,VLTLEERCSKLEGELHKRTEIIRSLTKKVKA
1,SPNKPRTTEDLFAVIHRSKRKVLGRKDSGDM
1,EIEFIFASECKTGFRHLYKITSILKESKYKR
1,DLKTHNVHVEIEQRWHQVETTPLREEKQVPI
1,GRILDCQNHTCMKECHKVTKTDGCTGKNKAG
1,TCERGPWAKRKQNPIHWKLANVENYSRMRLK
1,KECGKIFRYNSKLIRHQMSHTGEKPFKCKEC
1,AYLLPRITYCTADGRHPRVFAWVYRHQARHK
1,LNDVLTKRALQEEELHSKEEKLRDIKSHQAD
1,EDKQDEDNGMKSKVHHIAKEIMSSEKVFVDV
1,SCVFFGCFTEKHIHKHAETKQHHLAVDLYHG
1,CSRSLNKLAQPLPMAHCANSRLVCKISGDVM
1,RGIIYNSGEFQKAKKHVLPNSNNVGITDCLL
1,VERLGRDDFRKELERHARDMRLKIGKGTGPP
1,KLACIVETAQGKAQVHPSSVNRDLQTHGWLL
1,EQGIHPLAFQGLKRLHTVHLYNNALERVPSG
1,TLGRIRSLPKALIDMHLSKSVSKSDSDLIAY
1,HYKYQQTLEAHMKEKHPEPGGSCVYCKTGQP
1,VSWKRYPASMKQLQQHSLMKRRRKKARESER
1,DSRLWQYLLSRSMREHPALRSLRLLTLEQPQ
1,NKHDTVSQNSSLSYCHEARGTHHSQNPSPGS
1,RIALGGVCDQSDIRGHRRTYVGSMPGRIING
1,NIKLVDTTEQSKIFIHRPDISKVNPSDCVDM
1,TEQLRRLTKQVQEARHNRDDEAIKKAVNEYD
1,SLSRSVQQLRTSFQDHAVWKPLMKVLQNAPD
1,RHRRTGARQNGGKVRHKRQALQDMARPLKQW
1,EPGQPENDIDRILHSHGSPTRRRKCANLVSE
1,IQFLRGHLERAGDEIHVLKRDLKMVTAQTQK
1,CVKMQILGSTLKLFRHPPSQVTRLWGRHHLK
1,TEVLRKLTIQVQEARHNRDDEAIKKAVNEYD
1,GTDLWIDNMSSAVPNHSPEKKDSDFFTEHTQ
1,GLTENTGLPRKLLEKHDPWPAYVTYTSQTVK
1,DRLHELLIEYRKKLLHEFPKSTRSFKKAWTE
1,LASGVPPPDVSWFKGHQPVSSWMGVTVSVDG
1,VDLYRQLSLAGRVGLHYSSTVARKLINPKYA
1,AHEDPMYDIIRDNKRHEKDVRIQQLKQLLED
1,SAKPKWCSKGIKQRIHTVTVDNGNIYVTLSN
1,EWTQAPKERGHRGSEHLNSYEAEWDMVNTVS
1,TIAPLAKEAMAMGKLHKEMGQLIVQSAEDPE
1,VKNDTVKYFKKIMLLHWKASYNGGKSSADLD
1,LEEGSQRELEEVQRLHQEQLSSLTQAHEEAL
1,GYAEPLKGVPPEKFNHTAISKGYRCPWQEFV
1,LSVSSADRTYKGKCRHLQGYNPFDQGCASNW
1,AGIEINRQTKTGTALHEAALYGKTEVVRLLL
1,RRFKEPWFLKNHMKAHGPKTGSKNRPKSELD
1,SSSLLEEKMPRWAAEHRLEEKKTWLTNGFDV
1,LRPRKRRRNGNEEDNHLPPQTKRSSRNPVFQ
1,VAAFFVADLGAIVRKHFCFLKCLPRVRPFYA
1,LNVFVKEDDKLIFHRHPVAQSTDAIRGKVGY
1,PPRPRTTGPRPRQDPHKAGLSHYVKLFSFYA
1,TTDDKAVVLKRIHEVHVKMDRSLEYQPVECA
1,TSDFMPWNVFDGKLFHQKYLQSEKGYAVEVL
1,MARGLKYLHQEKKLLHGDIKSSNVVIKGDFE
1,IENQQQMLVAKEQRLHFLKQQERRQQQSISE
1,ETWTVFRRYSRFREMHKTLKLKYAELAALEF
1,KEILDQLESLKLENRHLSEMVMKLELGLHEA
1,SDENLKNKESVVQCLHILSSLRLIMQVALPQ
1,KKKMKVKNGETLFELHRTTFGKVTKNSSSIK
1,KMVEEHMEQQKENMEHLKSLKIEAENKYDAI
1,SDTRPYPCQYCGKRFHQKSDMKKHTFIHTGE
1,LLSEDIEGFQDSNRMHAINGFLFSNLPRLDM
1,DTDSEEQGDHARPKKHTTDPDIDKKERKKMV
1,GSLEDPKSITHHKLIHAASERVLSDARTILE
1,YHHLTLVEAIKKVKDHRGIIPNRGFLRQLLA
1,WREAQDSRQELCQKLHAVQGELQWAEELRDQ
1,NLSEEEKLFLSYFPLHKFELEQNIKELNTLA
1,VHVGNVRQTAVVEKIHAKDKLRTGEKAVVRF
1,NTLENGYFLSRNKENHSQPTQSSLEDSVTPT
1,IEVLQQLLSKRQVDIHIMELPKNPWEKLSIH
1,GGRKPWPQKGTGRARHGSIRSPLWRGGGVAH
1,PEAISPDLVKKIRDFHRKILTLPEMMRMFSE
1,KKGLRIIEEAENDLVHQTQSLRELISDLERR
1,EKEVLWQNRIFREKQHEERRLKDFQDALDRE
1,PGPGHEHFRDTPRPDHPPHDGHSPASRERSS
1,DDKHMFKQFCQEGQPHVLEALSPPQTSGLSP
1,KSIRKDKIKDEQDLMHIRREIEIMSSLNHPH
1,EATEVYMKNSFKDVDHLFQKKLAAQLDKKRD
1,KLEVTFNLRDAAGGLHSSPRQAPGSQDHQGF
1,FVCEDKKALLNHQLSHVSDKPFKCSFCPYRT
1,EVRAKVQHYMAYWMGHREPQGVDVEEAWKCR
1,HPSAIDPEAIPVKLVHDSLEDLQMTRYHFAM
1,GQLPSASMRLKFLRLHGGMEQEERTAVFQEF
1,LQCFPQPPKRNWFWGHLGLITPTEEGLKNST
1,EKDTFFDNATRSRIVHEILKRTACSRANNTM
1,VRGGDIIVDSNELRKHYRTSTKFQLDVASII
1,DISEQVRHVGRTVRGHPRKKLFPEDQDQNEH
1,IIMKLKEQHSKIDMVHRNKSEGFFLDASRHI
1,IWDAKKWECLKSIKAHKGQVTFLSIHPSGKL
1,DELHRKAGTKNLLEIHGSLFKTRCTSCGVVA
1,QMGITNFEDMKAISRHTQELLEIEEPLFKRS
1,MRRIRDSLPPRVKDLHKVSSVLRGFLDLMLV
1,KQARNHITKGKRQQQHQQIKNRSSISDGDGE
1,IEKILKEKIMDWRPRHLTRWNRYCTSTLRHF
1,YQNLNFTGFRKILKKHDKILETSRGADWRVA
1,FSLGYGSMFTKIWWVHTVFTKKEEKKEWRKT
1,PGNINSDGVVRHELQHPIIARYVRIVPLDWN
1,LGRARKQAVAREERDHLYRARKKCQFLLAWT
1,ASYVLPEVSKVLLGAHALLANGSVMSRVGTA
1,VPFEVIKQRLTARWIHPASGRVYNIEFNPPK
1,PLIEKIQAFEKFFTRHIDLYDKDEIERKGSI
1,VGDVEKMALVKLAKLHEQLTESEQAAQCYIK
1,IRKGAVQKVSKKLEMHVYSKRLEIMLQDIFG
1,RPQGDGEIRITTLDKHTKQERHIFLFDLAVI
1,TFRNAYDIPRRNLLDHLTRMRSNLLKSTRRF
1,GNFHQSSGVHFHQRVHIGEVPYSCNACGKSF
1,GTSTELVKENQKLKQHLEEEKQKKHSFLSQR
1,KVLSLNFSECHTKIRHVDAHATLSDGVVVQV
1,GIEKLVGISKSKGDKHSPKVVKAASQVLNSM
1,DCHSTLEQLTEKKIKHLEQGYRERLSLLRSE
1,SLSSELKKPQAHLPVHTEKQSTEDAVRLIQK
1,PYMPIPHVRDSLIQPHDRKKMKKVWDRAVDF
1,QEEISAEVAAKAERVHELNEEIGKLLAKVEQ
1,CLVYGDPHYVTFDGRHFGFMGKCTYILAQPC
1,TVTPVSPSFAHNPKRHNSASVENVSLRKSSE
1,LEKAKQVLKIIASYKHTTSIFDDFSHYEKRQ
1,LGLGVGELATRGARMHYKGNKELLQLDIKTG
1,HLAQTSDLDLFKVELHTGEIRTTRKMGDESG
1,RAAVPHTGRKNQEQWHVVSRKKQKIIKMLLI
1,WSEQEKETFREKFMQHPKNFGLIASFLERKT
1,YGSPSQFWEQELESLHFVIEMKNERIHELDR
1,TSETSFSLSKEAPREHLDHQAAHQPFPRPRF
1,TSFSLSKEAPREHLDHQAAHQPFPRPRFRQE
1,GNELTLADCNLLPKLHIVQVVCKKYRGFTIP
1,NIMVYQEKLSEEERKHKEALEDLHMVVDEDS
1,LSEEERKHKEALEDLHMVVDEDSRSESSSTD
1,DPELDTGDKKDIFNEHLRLVESANEKAEREA
1,GKIPKDEHILRFLRAHDFHLDKAREMLRQSL
1,PKDEHILRFLRAHDFHLDKAREMLRQSLSWR
1,LVSCVEPAGLRQDVLHWLNEEKVIQRLVELI
1,EQLNKIRDSYAKLLGHQNLKQKIKHVVKLKD
1,AELEIKRKEREAKEMHERKRQREEEIEAQEK
1,FEEESKQPGVSEQQRHQLKHRELFLSRQFES
1,SKQPGVSEQQRHQLKHRELFLSRQFESLPAT
1,VADLAESIMKNLRRVHPVSTMIKGLYGIKDD
1,TNREQDLLSHEQKGRHQHGSHGGLDIVIIEQ
1,LQQKACGSEIMQKKQHLEIELKQVMQQRSED
1,AKLADVPGEILKKAAHKSKELEGLINTKRKR
1,QYSSSVRQEFPLGRFHTKKDIKAAVRNMSYM
1,GIGREMAYHLAKMGAHVVVTARSKETLQKVV
1,HLCGINFTGSVPTFKHLWKQVAQNLDRFHTF
1,FKHLWKQVAQNLDRFHTFPRLAGECGGKNFH
1,QRLGCQEEGAAEVKRHPFFRNMNFKRLEAGM
1,KLQQAQEMLKEAEERHQREKDFLLKEAVESQ
1,MSEKRGPTSSNPRKRHREDSDVEMVEDDSRK
1,KDCGKLSKDQFALAFHLISQKLIKGIDPPHV
1,GASKSLFFPDEAINKHPRFSTLTRNIRHRRG
1,EGAKFPIKWTAPEAIHFGVFTIKADVWSFGV
1,ANEAVNGVREMRAPKHFLPEMLSKVIILSLD
1,EGCGKSFTRAEHLKGHSITHLGTKPFVCPVA
1,LSYHSSIGVRKDELVHGYILVYSAKRKASMG
1,LENSAAPKKKGFEEEHKDSDDDSSDDEQEKK
1,ATRPVHRGTPARGDQHPGSIDGDRKKANLWD
1,HLSSRSRADCWRILEHYQWDLSAASRYVLAR
1,FERDVVPGGAVVDEIHSLIEKSRRLIIVLSK
1,KSALIIEQRELEDKIHLGEEQLKCLLDSLQP
1,ITALDEFATKLIQNNHYAMEDVATRRDALLS
1,SLVQYDLKNPSDSAVHSPFTKRQAFTPSSTM
1,KVFSRSSCLTQHRKIHTGENLYKCKVCAKPF
1,RILGDPEALRDLLNNHILKSAMCAEAIVAGL
1,QNRLNKVIKSVGKIEHSFWRSFHTERKTEPA
1,KDFSENKQPANPHQKHAPVHSFSMELLKTGM
1,ESTHKIWERFRPYKKHHREEVYMAAGHALRK
1,STHKIWERFRPYKKHHREEVYMAAGHALRKK
1,GFISELPSEEGKKLEHFTKLRPKRNKKQQPT
1,PDYSCLKPPKAGEEGHEGCSYTMCPEGRYGH
1,AGSYGCTPHSFPKFQHPSHELLKENGFTQQV
1,ERSHQIERMMSRIFRHSSVGGRFIKSHVIKL
1,LPKTFQDGATKLLHNHLKNSSNTSVGSPSNT
1,EKLKEAKVKKLVVKVHMNDNSTKSLMVDERQ
1,KMKYKAPTDYCFVLKHPQIQKESQYIKYLCC
1,TCGICHKTKFADGCGHLCSYCRTKFCARCGG
1,QETTAEQALEEEARRHREAYGKLEREKATEV
1,GLGEFNARAREVELEHEVKRLKQENYKLRDQ
1,IAHVTLDKDRQAWNGHYFILTDQKGQVHQCS
1,EWVRDLLPKLHEFNAHDLSSVARREVREDAR
1,DFGFPSDSEREDKGAHGPRPDTVGQRGGSRP
1,KVQHLRELNHLREKNHHILKLKAEKEEKCHI
1,VQHLRELNHLREKNHHILKLKAEKEEKCHIE
1,SHYPQLHVRKARVEDHDDLMPIFMRYDTILK
1,PKKRKEPVKIAAPELHKGDSDSEEDEPTKKK
1,DSEDEGEGGRRNVADHKKGAKKARIEEDKKE
1,YKGNSKDVKPPDLWIHHERLELKPIDKSPDP
1,KGNSKDVKPPDLWIHHERLELKPIDKSPDPN
1,EKPLFDAGRDVLEAVHAVCGAASQLRHLDLR
1,LEAVHAVCGAASQLRHLDLRRLSFTLDDALV
1,EKFEEKWSKILELLRHMVAQKVKPNLQTFNT
1,SCPRAPLSPTGLGQGHTGHVRFLAAVQLPDG
1,LKLTALLEKYTPSNKHGFSWAVPKFMKRIKV
1,CHGSELRDFPGRPMGHLSKDVDENDSHEGED
1,KEKNSSSQRSTQEKLHLEGSALSSQVSAKVN
1,GLEVSKCEIARFYKLHERKCEPIVMTVPRKS
1,GSQGRVISFEVRKDHHDLAKKNYKHWRDSWK
1,VGSQGRVISFEVRKDHHDLAKKNYKHWRDSW
1,CVLNFKPCGLFGKELHKVEGYIQDKSKKKLC
1,VGDISESDLLNLRKLHSDLERHPTPRLPFVD
1,SDLLNLRKLHSDLERHPTPRLPFVDVATGSL
1,PMDGPPVRIAYMLVVHGRAIRQLKRLLKAVY
1,DDASDEYKIIMLNRRHLSFRVIKVNRECVRG
1,TETAMTLPSESRVNIHAIITLKILDYSDKQA
1,VKPNATLEKHFLTEGHRPKEPQLSLLAAQCG
1,QEEISAEVSAKAEKVHELNEEIGKLLAKAEQ
1,DNSAIGRAMELQKARHPKHLSTPSSVSPEPQ
1,AIGRAMELQKARHPKHLSTPSSVSPEPQDSA
1,DARSRGPRSRSREHPHSRSPSPEPRGRPGPI
1,REKPYNCEKCGKAFMHNFQLQKHHRIHTGEK
1,EKLLEIQGKIEAVEMHLTREHMKRVLGEVYL
1,PSIRKASLALIRKMIHFCSEALLKEVCDSDV
1,IPLHWAANHKDPSAVHTVRCILDAAPTESLL
1,PYKCNECGKSFCQKGHLIQHQRTHTGEKPFE
1,QVLVMLNLDAEQAVKHPRLLSFTSQLKAGKG
1,GMSHLIQSAGLGGLKHNTVLMAWPASWKQED
1,DYEEGKMLVHFERWSHRYDEWIYWDSNRLRP
1,AKGSCACWCPLGRKIHMDETGLTILRILSQR
1,WNEVVTQQYLFDRLAHEIEALKSFSKSDLVN
1,VKCDLEKSMKAGLKIHSHLSGIQKEIKYSDS
1,CDLEKSMKAGLKIHSHLSGIQKEIKYSDSLL
1,YEYLLALRLLNKLLIHLPLDKSESREKIENV
1,AGPGSSLEARSPSDLHISPLAKKLPPPPGSP
1,ENRNLQAEYDRLKQQHEHKGLSPLPSPPEMM
1,NSELKYKETYEKQKGHYLAGKVIGEFPGVVH
1,EQRQLRQTMAKFLQEHLAPKAQEIDRSNEFK
1,ADLLVSSALIKAQELHALTHVNAAGLKNKFD
1,VSSALIKAQELHALTHVNAAGLKNKFDVTWK
1,FAGGAQQKRENVNPRHPCLGPREKAGQTPQD
1,DFLSDEIKEERKIQKHKTLPKMSGGWELELN
1,KVSIGNITLSPAISRHSPVQMNRNLSNEELT
1,AKQYQFYQTERVKNFHSGLLLSRVMKERDAQ
1,QGCKYEFVTREALLMHYLKKHNYSKEKVLQL
1,QELQRARQREKMNEEHNKRLSDTVDKLLSES
1,HYKYQQTLEAHMKEKHPEPGGSCVYCKSGQP
1,IQVRDLQLVTREAIGHMKEGEEEKTKTYSAL
1,AMNENLKSQEQEFKAHCREEMTRLQQEIENL
1,YRTLHGAYTKILEVMHTKKRLLGTFFRVAFY
1,EDEEGGERKKKKRRRHPKGEEGSDDDETENG
1,LNPPSGDERQRKIELHVKHMCKETMSFPLNS
1,VMESSAKIKREPPEIHRAGMVPSRSCPSITH
1,ANVQDHLNLAKQDLLHTTKHQDVLLSEQTRL
1,GLSTNGKKIEVYLRLHRHAYPEQRQDMPEMS
1,STNGKKIEVYLRLHRHAYPEQRQDMPEMSQE
1,DWQRRCTEIVAIDALHFRRYLDQFVPEKMRR
1,MSLPPEKASELKQLIHQQLSKMDVHGRIREI
1,NLRFLNKLIPVLKIDHSHVLVKVSSTDSDSF
1,NHVSKYCASLGHKANHSFTPNCIYDMFVHPR
1,ANHSFTPNCIYDMFVHPRFGPIKCIRTLRAV
1,ERRDRKASANARKRKHSPSPPPPTPTESRKK
1,AFYYDLDKQTRCVERHIRKMEFHISKVDELY
1,KQTRCVERHIRKMEFHISKVDELYEDYCIQC
1,MQELHAAEILDMESRHISETETLKREHYVAV
1,ESETTVEADLTDKQKHQLKHRELFLSRQYES
1,TVEADLTDKQKHQLKHRELFLSRQYESLPAT
1,QAVARLEIDRSRLQRHNVQLRSTLEQVERER
1,SLGYIPLMRVVQSVRHTTRKSSTTLREGWVV
1,GDYPSPPSSAHSKAPHLGRSLVATRIDSISD
1,IFPPDLVRIVMKRNPHMTDAQQLAAAILVEK
1,LDTKTKQIQQWIKKKHLVQITIKKGKNVDVS
1,KEKKKKKKKKSEKEKHLDDEERRKRKEEKKR
1,DSISFYNAKVKIEQKHNYLKTMMGLQQAHRK
1,ADLLVSSAFIKAQELHALTHVNAAGLKNKFD
1,VSSAFIKAQELHALTHVNAAGLKNKFDVTWK
1,YENKARLRDFPGSYKHPKYLELILLFDQSRY
1,RHLQPSGRYIAQLLPHNEAAREILLMPTPGK
1,RQLDEPKLERRPRERHPSWRSEETQERERSR
1,WEALRVESMDRQSRLHDVLMELQKKQLQQLS
1,EKNKHNKEITVMVEKHKTELESLKHQQDALW
1,LEELRDKNESLTMRLHETLKQCQDLKTEKSQ
1,DRWTYCINKKMMERLHKIKICIKESGQKLKK
1,EKIKEAQVKKLVIRVHMSDDSSKTMMVDERQ
1,LRQTRTVPQSQTQPLHKVLPIKPADVEEPAV
1,ENVHTRSKNGRKKPLHLACTTAKKKLSDCEG
1,EEFGKAFKQSSHRTIHKIIHTGEKPYKCEEH
1,PLDELYEKKANCIANHTGADIHRNGDFQKNG
1,EKKANCIANHTGADIHRNGDFQKNGNGTTSG
1,LHNPAFCSLATTKRRHQQTVTIPPKSSLSVP
1,TELLEQHISFKKQSPHENSSLIRKFPQPTLV
1,WGYIERVRAATSELEHRVERTQKNVKVIQQT
1,KDRHDTPDPSPRRARHDTPDPSPLRGARHDS
1,GARHDSDTSPPRRIRHDSSDTSPPRRARHDS
1,IRHDSSDTSPPRRARHDSPDPSPPRRPQHNS
1,LEDLVDFKELFSAPGHTEESMTIDKNTKIPC
1,NLFHEKRSELEEQQMHLNVGLRKIKETVDQV
1,CIVKFYNNVQGLVPKHELSTEYIPDPERVFY
1,QRLEMDRQLTLQQKEHEQNMQLLLQQSRDHL
1,EHEQNMQLLLQQSRDHLGEGLADSRRQYEAR
1,KLPEGQVPEGAGLKGHLPKVDMPSFKMPKVD
1,QRSHSSSEAYEPRDAHDVSPTSTDTEAQLTV
1,SEKHADHRSTLTKKMHIQSAVSKMNPGEKEP
1,ELSVAVKRAVMLLHTHTITSRVGKGEPGAAP
1,VGSYGCTPQSLPKFQHPSHELLKENGFTQHV
1,SLNLDQLKEEIAFLKHTKSIKKTISLLSCHS
1,SPEARKRALFPEPRKHALFPELPKSALFSES
1,TIDKTKKPRTRRSRFHSPSTTWSPNKDTPQE
1,RTRRQSNRATKEIQLHQMKKWHEEVTAYRDE
1,HEKMHVVWFKNDAKLHTSRTVLISSEGKTHK
1,NPDIVWLKNSDIIVPHKYPKIRIEGTKGEAA
1,SESSPPSPQPTKVSRHASSSPESPKPAPAPG
1,VPKHSTFGQSLTQRLHALKLRSPDASPSRAP
1,RDVGTCRGRQMEIQKHKDNKKLPQGIIIVFR
1,IKKFKVEIILDPETAHPNLIVSEDKKRVRFT
1,PPLLTRSEVRSVAVTHTFQIAKARAQLGYAP
1,LKRRPLELPRGTLPLHALRRPGTGGGYRMEA
1,FMSDHVARGKAMVRSHRVTTFDNRTYCCRFK
1,EECGKAFQWSSKLTLHKVIHMERNPANVKNV
1,AALMEGLAQDKSALNHLALQLEQERDQLREQ
1,LNIWSLTSGKSTAIVHIQLIPGSSSKWEEVQ
1,SPARSATPKVRLVEPHSPSPSSKFSTKGLCK
1,TSQREGRWKRVNTLMHYNVRDGATLILSKVG
1,LKCGKRFSQSSHLYKHSKTTCLRWQSSNLPS
1,KFQADGTYTLIIRLRHNVIKTGVRMISLSYS
1,KPQKMRRPRPLSVYSHKLFNGSMEAFIKDSG
1,PFCTFKTFYPEVLMMHQRLEHKYNPDVHKNC
1,SSEEELEAECFPVKPHNKSFAHILELVKEGS
1,QRDLREQPPPASTPGHGPSHRSTFSAPLPSP
1,EPLYPRRKVQDPPVVHELRVSLEEIYHGSTK
1,EEELCRLKLLAKHPCHIKKFDRYKFEITVGM
1,KRSRSRSPKSRSPIIHSPKRRDRRSPKRRQR
1,ALLGSEQFAETPKENHSNYRTLLEKEKEWAL
1,LDVRPQVEVDICRLPHALHIPLKHLERRDAE
1,TEPAKAIKPIDRKSVHQICSGPVVLSLSTAV
1,GVPWKDKNCTSRLDAHKVLSALQAVQGLLVA
1,SESGSPSAGGHSKPPHSPLVLKRCHVSTHQH
1,DILEQARAAVDTYCRHNYGVVESFTVQRRVQ
1,LNQAGQETLVTGWGYHSSREKEAKRNRTFVL
1,LNEKFYSFMQKMVKEHYKTFEKGHIRDITDS
1,GLRGGVHVKLAHLSKHPKFEEILTRLRLQKR
1,KIEFLKEAHLMSKFNHPNILKQLGVCLLNEP
1,FSGSQTPRVEVAAPAHRGTPDTDLEVQRVVG
1,DQEPRGSHSPQRPQLHSPAQSEGPSSLCGKL
1,VKRIHEYKRQLLNCLHVVTLYNRIKRDPAKA
1,IRREQYITNKEFLNSHLLPKKKHQKIYLFTL
1,LHYQEVKWRKLGSYEHRIYLQPGRLAKHLEV
1,LDCDTPSVDLEMIDVHVLADAFKRYLLDLPN
1,SEARNSAFGFQGRLLHLSAGQRLGVHLHTEA
1,ELGLPKEVKKISAAVHFEDTGKTLLFSGNQV
1,GPAWISKVSRLLGAFHNPKQVTRGFTGGVQT
1,FGLAKSFGSPNRAYTHQVVTRWYRAPELLFG
1,LYSNCKSLKLTLTCKHQLVRDSCKASCNCSN
1,SQKIRWSRSPPSSLLHTLRPRLLSAEITLQT
1,SKCRLQFLTLKEEIEHKTKDHQTFKKPEQLQ
1,PSREQVQRLIAEQPPHLTPGIRELVSRLQER
1,CQPRLSQTVRERVGLHEALEKQLVLTSLETL
1,DICKKTFKNACSVKIHHKNMHVKEMHTCTVE
1,MERIRKEMILMERGLHSPTAGKRFSNLSNSA
1,SPQPVPSPRPQSQPPHSSPSPRMQPQPSPHH
1,IVFHNEAWSTLLRTVHSVINRSPRHMIEEIV
1,PRAAPTSAPPSKSRHHEMPREYNEDEDPAAR
1,DELDSLITAITTNGAHPSKCVTIQRTLDGRL
1,IPTRTVAISDAAQLPHDYCTTPGGTLFSTTP
1,KYRRDIRPEVKLTPRHQTSSTLESIDVQEFI
1,AECGHSFRQKVTLIRHQRTHTGEKPYLCPQC
1,FQIDYPEIAEGIMPRHRFMSAYEQRIEPPDR
1,SLRGSRGTVVTEDFSHLPPEQQRKRLQQQLE
1,SITHIAIPQEAYNAVHVSGSPTALAAVKLED
1,SELAALRPGFRLSAPHARVAPRAATHARGRG
1,TPENLHEMAKHNLLLHLKKLEKEGKIFSNTD
1,SASGLLASGSWDKTIHIWKPTTSSLLIQLKG
1,RAGFERNTKFIAPWFHGIISREDAEALLENM
1,AWFEDHLREAQRQQLHLGALGENFLTDLHSE
1,LEPGLRVTVRLNQQQHPDCKTYHGKVVSSQD
1,RGACVRTTGEELCNGHGLWVKLTKEQLAEHL
1,LPVIGPGTDIGISSLHMVGYLGKNFDSAKVP
1,DILRETRFYEALQACHRKSKLYGAVAEQLRE
1,IEATTRARATRKSLLHVPYGDGEGEKVDIYF
1,CLQDVKSTKLITKPKHQILETVELTGFQIVK
1,YIKQIFPMEERIFNFHTDKKSLKTHSVVKKH
1,DYISISQKSFLQRRLHIETKLLKTSNDINKE
1,VENLRRVATDRRHLGHVQQLLRSSNRRLEQL
1,ISTDDEVFKPFQANSHFVKFKYAQEYDSGTY
1,LTAYFFSHKLIELIGHIRVLYIGLACNTARY
1,VLMGRMESVFNHAIRHTVYAALQDFSQVTLR
1,MLKAPSFERGVYELTHNNKTVSLKTINAVQQ
1,MECGKAFCRVGDLRVHHTIHAGERPYECKEC
1,QSSRHSKEKDRQSPLHGNHITISHTQATGSR
1,CESLASCLRQSKMLTHLSLAENALKDEGAKH
1,IWIVGGSSVYKEAMNHLGHLKLFVTRIMQDF
1,APPSPDWTSSSRENQHPNLLGGAGEPPKPDK
1,FLEGGVFDRGRTDIFHIELAVLLSPLSRVSV
1,KPSSSVTPRHPLEGTHELRQACQICFVKSGP
1,GSMFRLLQQLPSRGAHVFQPLLIARDQLAIL
1,FRVLQRHLTLDPETAHPCLALSEDLRTMRLR
1,REFTLLANMKRHVLIHTNIRAYQCHLCYKSF
1,WDKDPPGERRPQQSQHWRARDHGARGCGPRQ
1,HQAQLQALERLAQQLHGESLLARARRGLQRL
1,SENIYLIKLKKLIGPHYYTMRIRLGLPGKMD
1,LTSKFMTTFSQLRELHLEGNFLHRLPSEVSA
1,PVCKKTLSSFSNLKVHMRSHTGERPYACDQC
1,PSLALLARLSSLGLLHWPVWVGAKISHGSFS
1,AQKLSLVDVSQVSVVHTLQTDFRGPVVPAFA
1,EKVIDIEINGSAVDLHMKLGDNGEAFFVEET
1,ISQPNKRAATLVFSSHAVVSLRDGRLCLMFR
1,QERLRLKQMQEEFQEHEAQLLSRAKPEDRES
1,EALKQSLSLMRDLLLHWGPGPPIRAPQEEAE
1,QRAHARDRQGSRAGLHELIQDAAARRACRLQ
1,NLEKTIFCLQKLISLHPFNPWNWGKLAEAYL
1,SAPVGMKAEGFVDALHRVRQIAAKIDSIPHL
1,PGKDGSRKEVRLPMLHDPPKMGMPVVRGGQT
1,NTCGKTFRQSSSLIAHQRIHTGEKPYECNAC
1,LKYCDSKLAALELILHLAPRLSVEILLDRIT
1,DEAHLQEDQGEEECFHDCSASFEEEPGADKV
1,APLSSRKHVLYVEHRHLNPDTELKRYFGARA
1,GAAAADLLSSSPESQHGGTQSPGGGQPLLQP
1,EDPYAISFSPWNPSVHDEAREKMLTQKKPEE
1,NGINSSRETRNATTAHNPVRNLRVEAQTTSS
1,AHKGLVVFGVGMRLVHLGTSSRWAVFSILLL
1,VFGPDGTLLAKYRKIHLFDIDVPGKITFQES
1,MAAVMLVAFYKLRKQHQLHKHHGPTRTVEII
1,AVTTITSSKLHCIMPHVKQTFLRLKGADKVA
1,VERGKGFCYSPVLPVHQKVHVGEKLKCDECG
1,LAAQSVIKKDNQTLSHSLKMADQNLEKLKTE
1,YSDLKIKVGDRHISAHKFVLAARSDSWSLAN
1,QNDVKLPQGQRRNYAHALDGLYRVAREEGLR
1,STSWYWRQSSDRFPRHQKSFNPAVKNSYYPR
1,FGKELFESDLDRIMEHIKAAMEMVPVLKKAD
1,SYLLSTNAQLQRDASHQIRQEARVLRNETNN
1,HFPFIFNNLSKIKLLHTDTLLKIESKKHKAY
1,QRDYDVVAGRWTTPNHHIWKQLNLLPKPFNL
1,YTIMSSEEAANGKKSHWAELEISGKVRSLSA
1,PSAFPSKASTHDSLAHGASLREKYPGQTQGL
1,QGEEVQERAEPPGHPHPLAQRRRSKGLVQNI
1,LSAAAALFASLAVILHDGSQMRAKAFPETRD
1,VGALDEAMELRGMRYHPIDIETSVIRAHKSV
1,KKRKKGASFQTVASLHKENLNKLMTNLKSTA
1,GLCCTFVHRARSRYEHIPGPPRPSFLLGHLP
1,LCGISHKEQEVWKPGHNILVKMRKEDKSLVW
1,RFISRNVFKRTLPGAHTRKIATFFSSGQSAD
1,QDGEAGRRAREVAFIHIQRELRLRGVFLRHE
1,LSLAQHLRDRVFWLPHNMDFRGRTYPCPPHF
1,VLKDVMDFIKDQSLSHRSVVKVLSLRKAQAQ
1,LTYGVGVLNRYVEGKHPPEKLLVKDGTRWCT
1,VQYKHLSELLKRTALHGESNSVLIIGPRGSG
1,LEHRKEEIRAKQDFYHWRVFLPGLPSYVHIP
1,GSVLDIIKHIVAKGEHKSGVLDESTIATILR
1,LSAYYNLLHCLRRDSHKIDNYLKLLKCRIIH
1,QPGMPGRAGSPGRDGHPGLPGPKGSPGSVGL
1,TGSIQVSSREANCRTHQAFMRKDVRDILTPI
1,DRMFRIKRALDLNLKHQILPKEQWTKYEEEN
1,HLYALVLVNNKISKIHEKAFSPLRKLQKLYI
1,LCISKPERPMKFLREHFEKLEKEENRQILAR
1,AGESYSRAYGAMVSCHMLSELEEVIQYKLVP
1,GQLEKQKKFKLTRNGHVIWKGSLTSLKHHKD
1,HPSPPPEKKELRKVAHLTGKSNSRSMPLEWE
1,DTTVGTLSQRITNQVHGLKGLNSKLLDIRSY
1,LEEQVSGERQRLVETHATRVIALINDQRRAA
1,AQSKRGILTLKYPIEHGIITNWDDMEKIWHH
1,AELKQLVARPDVVEMHDVTAQDPKLLVHLKA
1,VCMDKEVSIVFIPCGHLVVCKDCAPSLRKCP
1,REIRAEAEQQQQERAHLLARKCQLQKDVASY
1,LHRAEQSLHDLQERLHKAQEEHRTVEVEKVH
1,IKNDRGGEDPNQKVIHGVINSFVHVEQYKKK
1,QAAIVRIMKARKVLRHNALIQEVISQSRARF
1,DLAEEVGNKLSQLKLHCLSESIYRSKGLQRE
1,DKCALGWDHQEKLQLHESQKDYKTGFGGKFG
1,KVCSKSYARSSNLIMHQRVHTGEKPYKCKEC
1,EKTSNLRVKTLRDLIHGAPVGKPAANRAFVS
1,RYNGEPEHIERNDAPHKNTQEKFSLSQESSY
1,SVWDHIEVSDDEDETHPNIDTASLFRWRHQA
1,KECGKSFRWASGILRHKRLHTGEKPFKCEEC
1,RLSAFQIVEELFVRSHQFRMLVVSNFQEFLE
1,NNFDHAPLLPQEQKAHIREKAYKCNEHGQVF
1,KANIILPKILAKLSLHSSNKEGILEESGRTA
1,SECGTSFRQGSALIGHKRVHTGEKPYECEEC
1,DKASLTRTLQHRIALHVADGLRYLHSAMIIY
1,EIKNVSRDAFSMINVHWRSTNDDATYTVTAQ
1,KLSALKISNLFNILQHILKKLSSLQEGSYLL
1,KGFKIQSKLLKHKQIHTRNKAFRALLLKKRR
1,GEKPYKCNECGKVFRHQSTLARHRSIHTGEK
1,TGKEQLVTKDPASAKHSLLSARKSKSSQLDS
1,LIPNQNALLKDLDILHNSSQMKSMSTFIEEA
1,KELLGKDVSVKVTLKHQARKLKKKQTKRAKH
1,FQRQLLAERKRAYEAHDENKVLQKEVQRLYH
1,NCSSAPALGLERPEEHLYALVGRSLRLYCNT
1,KKLERMGIAQENLRQHILQQVLQLKVREEVR
1,QFALKYQSLGQCVYVHCKAGRSRSATMVAAY
1,GANVNAAKLHETALHHAAKVKNVDLIEMLIE
1,SCAVSATYERSPSPAHLPDDPKVAEKQRETH
1,LAKKAFGEFNVQTAKHYGNLGRLYQSMRKFK
1,DRVMVVLGPQTGRVGHLLSRDRARSRALVQL
1,EIVVFKVEGRDIPIVHRVIKVHEKDNGDIKF
1,IPERDKLKDEPKIKVHRFLLQAVNQKNLLKK
1,FEKAHVRGFQAMKKIHLAQNQEKLMKELKQL
1,MIRNYQHQLLQQNRLHRQSVETARKQLLEYQ
1,EFCYTIAQKYLFEGKHEDAVPAALQSLRFRV
1,PAQSRDVTTRITLPSHPALGTPKQQLHTMAQ
1,GANINEKTKEFLTPLHVASEKAHNDVVEVVV
1,RMDKRALISFWESVEHLKNANKNEIPQLVGE
1,PCQEQGDVIQIKLSEHTEDLPKADGQGSTTM
1,DIDDALEKNKEIQDKHLTQTVFFSNKTLITE
1,VHLTTWKVGLCKDRLHKALVITLALAAANAC
1,GERSYNCDNCGKSFRHASSILNHKKLHCQRK
1,DILRQALAVGYQTASHNRIPKEITVSNIHQA
1,CDRIYRVGQQKDVVIHRFVCEGTVEEKILQL
1,REHRVLPVYGGPKGLHEERGRFRSGNYRFDP
0,KDKIVFGNIHQIYDWHKDFFLAELEKCIQEQ
0,GDGRALVHSMQISFIHQLVQSRLFADEKPLQ
0,ISLGTVGPNSGCSNCHNTILHQLQEMFNKTP
0,SLLGYMKHYRNIPGPHMVLVPKSTLHNWMSE
0,DTNNCLGDQKLVERLHMVLRPFLLRRIKADV
0,IGKDEMLQMIRHGATHVFASKESEITDEDID
0,DDIANLEASVLENPSHVQLWLKLAYKYLNQN
0,LSFQLLEALLFRVQLHIFTGRCQSALAILQN
0,YLKTSDRCLAWLAYIHLIEFNILPSKFYDPS
0,RIEACLPLYTNMIALHQLLERYEAAMELCKS
0,PIPFSSADYWSNYEFHNRVIFFYLSCVPKTQ
0,KNIPDYLNDRTILENHFGKIAKVQRIFTRRS
0,VQRIFTRRSKKLAVVHFFDHASAALARKKGK
0,QLSVFEVVPGTDQVDHAAAVKEYSRSSADQE
0,CDPLTVSLIEKCTRFHIHCAHFMCEEPMSSF
0,FKLVQSASYLNACLLHCYFSQIRKDALRALN
0,GGSRLLPHLHWNAPEHLAWLKQAVLGFQLPQ
0,GGIPAVNGRGERLLLHIGIIDILQSYRFIKK
0,DLLNPKNKGNLRVREHPLLGPYVEDLSKLAV
0,LEAPYNSDTVLVHRVHSYLERHGLINFGIYK
0,SDVYLSSRDRQILDWHFANLEFANATPLSTL
0,FFAGEHTIRNYPATVHGALLSGLREAGRIAD
0,TNNSLTDKCVPLLTGHPHLKILHMAYNRLQS
0,PTTIMNCRRMHTVIAHSNCIEVFPEVMQLPE
0,LGTAGQKLGGAAVLCHIKHDPVDPGGSFTLT
0,RKWSCEAIEQKAVWFHAVAWGTPGFLTVMLL
0,NPYLWNKFADGKLLFHNAALLHLVRTNGDEA
0,GDEAVREFWRLLAICHTVMVRESPRERPDQL
0,DIRQLKERVTNLRGKHKQIYRLAVKEVDPQV
0,REQRENHLRRSIVVIHPDTGRELSPEEAHRA
0,ITWTLDDDPILKGGSHRISQMITSEGNVVSY
0,EAVKLYNNHEIRSGKHIGVCISVANNRLFVG
0,EFSKVTEGLTDVILYHQPDDKKKNRGFCFLE
0,GKLERVKKLKDYAFIHFDERDGAVKAMEEMN
0,DSIYSKNVVLWEVALHVFWHFPGIFGTQERH
0,VIVTLSETATPMLKKHTNIIAQAVPHILAMM
0,EHIMQMLQSPDWKYRHAGLMALSAIGEGCHQ
0,TRLDLSKNQIRSLYLHPSFGKLNSLKSIDFS
0,ALTNYTFENVSFHVLHQRFPLFTFRVLSDWF
0,QEKALSAIADLLTNEHERVVKAASGALRNLA
0,GQIMLNSLHKYEPQVHIVRVGSAHRMVTNCS
0,APMITPDLESGVKVWHLVKNHDHGDQKEGDR
0,QIKLYGPTNFSPIINHVARFAAAATQQQTAS
0,RILAARLPDSGVYVCHARNAHGHAQAGALLQ
0,GEELPVICQSSSGHMHALVLPGVTREDAGEV
0,DPPVHIVDPREHVFVHAITSECVMLACEVDR
0,IYATLTPVDCLAFAGHFLHSLSVEMQMRAYE
0,LSGRKQHHCAPLCLLHFGPEGKMMPIAIQLS
0,AEFYSHEAIAHLLETHLIAEAFCLALLRNLP
0,LIRYVTIVIYTCSAKHAAVNTGQMEFTAWMP
0,PSFRVERGADGKMFLHYYSDRSGLCHIVPGI
0,RLWIEEKTFCNAFPFHIVFDESLQVKQARVN
0,TNPVTGEPIQLRVGIHTGPVLADVVGDKMPR
0,AAVSAGHGLPAKFVIHCNSPVWGADKCEELL
0,WKKIQQNTFTRWCNEHLKCVNKRIGNLQTDL
0,NQVYRCVYKPMQPGPHVVKIFFAGDTIPKSP
0,CDVKYWPKEPGEYAVHIMCDDEDIKDSPYMA
0,GLVEPVNVVDNGDGTHTVTYTPSQEGPYMVS
0,VQITDQEGKPKRAIVHDNKDGTYAVTYIPDK
0,KNSHCVRFVPQEMGVHTVSVKYRGQHVTGSP
0,TDHQFTELTRLYLTIHSDHEGGNVSAHTSHL
0,LEQGKAKNPWPNVDAHSGVLLQYYGMTEMNY
0,TRISFEYDLRLVLYQHWSLHDSLCNTSYTAA
0,PLLAHGYRRFLPTKDHVFILDYVGTLFFLKN
0,QCGTLIRSIPTMLSVHAEQMHKTGFPTVHAV
0,SVRALLFDISFLMLCHVAQTYGSEVILSESR
0,KVCSLAVCAVAWLVAHVRMLGLDEREKSLQM
0,IVQQIAILMGCAILPHLRSLVEIIEHGLVDE
0,TAVVMKTCQEEKLMGHLGVVLYEYLGEEYPE
0,DRDLVHRQTASAVVQHMSLGVYGFGCEDSLN
0,FSDWFHHIFVPSVREHFRTIGLPEDSKAVLL
0,YQCLAELSTSPITVCHGSGISCGNAQSDAAH
0,QVLEHIRQSPFLVTLHYAFQTETKLHLILDY
0,ILFKRNAAVIDPLQFHMGVERPGVTNVARSA
0,TALKLCEGHPNIVKLHEVFHDQLHTFLVMEL
0,GKWVELPITKSPKIVHFSVGHDGSHALLVAE
0,DLKGHFVTQVAMGKAHTCVLMKNGEVWTFGV
0,ELALPTGSRALTTRSHAALHILGCLDTLAAM
0,RTVSVECFESLLSILHWSWTTLVLGVEELRG
0,AVIESEHPYKPACVMHYKVTFPECVRWMTIE
0,RHIGWVTSELPGGDNHIIKIELKGPENTLRV
0,RLWLALASLCVLDQDHVDRLSSGRWMGKDGQ
0,LSAAPAIQLDCSHIFHLQCCRRVLENRWLGP
0,PAVSMNRDEQDVLLVHHPDMPENSRVLRVVL
0,EGVVNGKKLKMRQAFHSHPGTHCPSPAVKDP
0,KQYLLTQAQPGPWEYHSAVLTSQTPEEICAN
0,RQKPFQSGSTPLHLTHRFMVWNSIGIIRCYN
0,ACESTDELASKLHCLHFSSWDSSKEWIIDLP
0,VVSMAGHGEQLFIVYHRGTGFDGDQCLGVQL
0,TPICNTREHCKGKSDHYWVVGIHENPQQLRC
0,GQMEEQFWRSVIFHNHLDYLAKNGYEYEEST
0,TAFPYQLFSKTKFNIHIFIDNSTQPLHFMPC
0,GLVQMVPDAVTLAKIHRHSGLIGPLKENTIK
0,ETSLTEKSFEQFSKLHSQLQKQFASLTLPEF
0,FVARALRIRSSLAVLHLENASLSGRPLMLLA
0,IAVIGQSLFGQEVYCHLRKEGHEVVGVFTVP
0,PMEIISAPRHGSIIYHPSLLPRHRGASAINW
0,KGLKAFYDAIKYGPNHLMVFGGVCPSVTSII
0,REYNNKRSGVGPSKFHGYAYDGIWVIAKTLQ
0,AVQLNQALLLLPWTMHALVILKSILPQAALE
0,LNPDGRTVRTEDKILHIVIKRGWKEGTKITF
0,KPLLKILQESFPCCIHVALIIKPDNFWQKQR
0,EIGTSHPHAMELQTQHNHFAMNCMNVYVNIN
0,GTDPEVTDLVHNTRIHLMPSMNPDGYEKSQE
0,MSWMKSYPFVLSANLHGGSLVVNYPFDDDEQ
0,HITNLTNLGQSTEYRHIWSLEISNKPNVSEP
0,VSEPEEPKIRFVAGIHGNAPVGTELLLALAE
0,LKHLASLYANNHPSMHMGQPSCPNKSDENIP
0,SDENIPGGVMRGAEWHSHLGSMKDYSVTYGH
0,WADNKRSLLSMLVEVHKGVHGFVKDKTGKPI
0,QAEVNFGWNHLEPYAHFLLSVFFVIFSFPIA
0,VNKILQINKDDVTALHCKVVCLIQNGSFKEA
0,IQNGSFKEALNVINTHTKVLANNSLSFEKAY
0,QAIQWYQNHQPKSPAHLSLIREAANFKLKYG
0,EDGQGNLTCLDSNHSHFILVDDGTHGQYGVE
0,IRWQVVDRRIPLYANHKTLLQKAAAEFGAHY
0,VASFNHMPKLRTFRLHSNNLYCDCHLAWLSD
0,IQTMHLAQNPFICDCHLKWLADYLHTNPIET
0,PRTFDGLKSLRLLSLHGNDISVVPEGAFNDL
0,RLVESNKTHTTCACSHLTNFAVLMAHREIYQ
0,KTQYEIACPIFAGLLHYFFLAAFSWLCLEGV
0,FTTFNAFQGVFIFVFHCALQKKVHKEYSKCL
0,IEGPLGQGGPRFEGCHALRFDGQPGQPSLLP
0,VGKVLLKNQSQVVFSHRGFKARPPFGAMEAT
0,ALSLSHVAHLRICITHVTGGGIPCIKRLEVW
0,SGVLDQLKSLIQIDLHDNPWDCTCDIVGMKL
0,ECANFIRVLQPYNKTHIYVCGTGAFHPICGY
0,KDTAFTRSLGPTHDHHYIRTDISEHYWLNGA
0,AQTYSELQGERIVSLHCCALYTCAQLENSLY
0,ITVGTQVCLRNNPLYHAGAVAFSISAGIPKV
0,YLNQQSGTIRLDCFTHCLIVKCTADILLLDT
0,LSMDFPFEVDGLLFYHKQTHYSPGSTPLVGW
0,LAWEPPPEQVELHGFHICVNGELRQALGPGA
0,FSEPKFPTECFFLTLHAHHLSILPSCRRYIR
0,KNNESQWKDSPLATRHREMLKRCKTQLKKLV
0,TGATSEFYDKFTIRYHISTIFKSLWQNIAHH
0,SKLTRLLQDSLGGNSHTLMIACVSPADSNLE
0,CLHVVRIHPEPVIRFHKAAFLGQRGLVEDDF
0,TPQFWEAMFYGDVQTHIRALYLEPTEDLAPA
0,HLKGLHVMVPDIVQMHIETLEAVQRESRRLP
0,SFLRSLEDSEWLIQIHKLLQVSVLVVELLDS
0,FTPVFLQFLDCVHQVHLQFPMEFEFSQFYLK
0,VWEYVDRLSKRTPVFHNYMYAPEDAEVLRPY
0,GPGGLLQGTTRILVTHALHILPQADWIIVLA
0,ALLMLTKNVDFVKDAHEEMEQAVEECDPYSG
0,ILSFYGVEYDTMTLVHKFACKFSEPVYAAFW
0,VSASALRFEGQITVYHYDGGPCYRCIFPQPP
0,CRATYIQTIEEGINTHTHAAKDFWKLLGGQT
0,DRRQFEITSVSVDVWHILEFDYSRLPKQSIG
0,KFMVSTAVGSRQKGEHSVRAAGKEKCVYFFW
0,EPPCFLQCFQGGMVVHSGRREEEEENVQSEW
0,SMVVLNVNKALIYLWHGCKAQAHTKEVGRTA
0,KGKNLKKPAPKSYLIHAGLEPLTFTNMFPSW
0,VPEVAKLAVKYKIPLHVDACLGGFLIVFMEK
0,AKGWNLNQLQFPPSIHFCITLLHARKRVAIQ
0,PKSTVDKMLRADVILHKVFLQGYQLHLTSLC
0,LTSETIYNPDYYSNLHQTFLRLLSKNGRVLL
0,SCLNCHMLTCPRAVIHLLLCQLRVLEVGALQ
0,VCESKSKLIALFWKAHMNAKRCPHCKTGRSV
0,SGASMTTRGCFFTREHYMELVYRGLTDKVGR
0,VLDKAHYGSSAYGLVHCCYEIYGGETSGKVL
0,TGRFLTGIKPPEFFFHCMAGREGLVDTAVKT
0,LHEVLSRADPKKALHHFRAIKKWQSKHPNTL
0,EFSFKNEETAQVVRKHQELLECLKEESAAKA
0,ASGLNDSTYDKVGKTHIKALADFAMKLMDQM
0,LYQDQNPDKEKVIYSHFTCATDTDNIRFVFA
0,ADTYASTIGHYDINAHACVTGKPISQGGIHG
0,GDKTFVVQGFGNVGLHSMRYLHRFGAKCIAV
0,CYGYQWVSEEHEEAHHTAYLVFSPSKSFVHL
0,PGPLNDQDNEDCINRHNVYINGITYTPVSST
0,LESAWKTAQEGDHGSHVYTKALLAYAFALAG
0,YALDHDPVENKIYFAHTALKWIERANMDGSQ
0,LDGSKRRRLTQNDVGHPFAVAVFEDYVWFSD
0,ETVPRSGEVYTCQVEHPSVTSPLTVEWRARS
0,QCSKEDGGGWWYNRCHAANPNGRYYWGGQYT
0,VLVQTRGGNSNGALCHFPFLYNNHNYTDCTS
0,WEKWELDLDIKEVFVHPNYSKSTTDNDIALL
0,FPESGVWVSDPTWENHVAIFAGAGFEVSTYP
0,LATLKTLPARSIVLLHPCCHNPTGADLTNDQ
0,LHQERMDVCETHLHWHTVAKETCSEKSTNLH
0,RNVTRLLVFSTDAGFHFAGDGKLGGIVLPND
0,WSKHNLTITQGKLFFHYNPKLCLSEIHKMEE
0,ILKWKPPSDPNGNITHYLVFWERQAEDSELF
0,EFLNEASVMKGFTCHHVVRLLGVVSKGQPTL
0,ASGMARDWPDARGIWHNDNKSFLVWVNEEDH
0,PTVSNVFSTAAFRFGHATIHPLVRRLDASFQ
0,DASFQEHPDLPGLWLHQAFFSPWTLLRGGGL
0,GDVYVNDAFGTAHRAHSSMVGVNLPHKASGF
0,PGWMGLDCGPESNKNHAQVVAQARLIVWNGP
0,TATCCAKWNTEDKVSHVSTGGGASLELLEGK
0,SWGLTTRTIGVMTMVHGDNMGLVLPPRVACV
0,EDKTSRFTCKGKPVYHFFGTSTFSQYTVVSD
0,TDYKNKKFNLDALVTHTLPFDKISEAFDLMN
0,SSEGNKHHKSTPLLIHCRDGSQQTGIFCALL
0,DGRPQEVGRVYVYLQHPAGIEPTPTLTLTGH
0,RLSSFTQHHRPVIAVHSGIARSPHPSSALHF
0,IYLALDVLFCTSSIVHLCAISLDRYWSITQA
0,PSIAGAGALAFEWLGHFLYWAGKTYVIQRQS
0,ADVVKSTTSEINPFPHLITLLGNKIVFLDMD
0,NEMGYYAEGDSLFLLHLHNRSSSELFQDSLV
0,DSCTFKFSKAQTPIVHQVYPPSGVPGKLIHV
0,TPPAAQKGYRLDQYTHLCLAYKGHMNKILKM
0,ASHVVCQTRDLAPGPHYLSVFYTRNGYACSG
0,NGSVALEIEVDGLWYHIGVIGYNKAFTPELI
0,TAVTENFGCLGGRLVHVFGAGFSPGNVSAAV
0,LGLKVDSNVFYNILGHALLVGTCTEMRYISW
0,IEGNRVCGAGYGYFFHLMTNQTSQAPLLSFT
0,ESDANTSVTDSLLLGHFAHKGSLCMSSGIKT
0,LSASCLVNSSFGRVVHGSACGGGVLFHRMSI
0,ATFDNFAPGNYLLLVHTDLPPYPDILLRCGS
0,GIHIDPGTIGVYGKVHLYSAYPKNSWTHLGA
0,LGDGLGAALGPGNRTHIWLFVRGLHGKSGTW
0,LKALKTARLQPMVILHHQTLPASTLRRTEAF
0,HQESRASQLQTLSDAHRKAYEIYHESYAFQG
0,DRLQDAGIEPMATLFHWDLPQALQDHGGWQN
0,CFSTFGDRVKLWVTFHEPWVMSYAGYGTGQH
0,PPGISDPGVASFKVAHLVLKAHARTWHHYNS
0,TWHHYNSHHRPQQQGHVGIVLNSDWAEPLSP
0,SPERPEDLRASERFLHFMLGWFAHPVFVDGD
0,GFEGPSGYSQRFGLHHVNFSDSSKSRTPRKS
0,EKFSSQPKFERDLFYHGTFRDDFLWGVSSSA
0,YRQEQKGVISLSLSTHWAEPKSPGVPRDVEA
0,GLTNPNTEDTDRIFYHKTYINEALKAYRLDG
0,KIAEDLVTLQNLGVSHYRFSISWSRILPDGT
0,EKRRINGTYDFFGFNHYTTVLAYNLNYATAI
0,RDLNVKAAWAQGYTGHGIVVSILDDGIEKNH
0,DPDPQPRYTQMNDNRHGTRCAGEVAAVANNG
0,DAVEARSLGLNPNHIHIYSASWGPEDDGKTV
0,ARLTLSYNRRGDLAIHLVSPMGTRSTLLAAR
0,FKYVREGKYTFCTPGHMGGTAFQKSPVGSLF
0,YSAPAGSTILIDRNCHKSLTHLMMMSDVTPI
0,IAKRVKETPNATWPVHAVITNSTYDGLLYNT
0,YNTDFIKKTLDVKSIHFDSAWVPYTNFSPIY
0,STHKLLAAFSQASMIHVKGDVNEETFNEAYM
0,AVVIAENEGISLSPEHWEVVRFVRDFYLEFN
0,SAWATYTLASLIMAYHFHVRKNKGLSLSGII
0,VNPILERAMDRILILHADHEQNASTSTVRTA
0,IARSTADVKIIMLTVHTENPLPAKVMQAGAA
0,ALLIWDKGGEFKDTGHVAIITQLHGNKVRIA
0,TESAEQELIKATNELHLMYLHATDKVLKDDN
0,ELAGAWKHSRARPFVHIMQDKDIEENYHAQF
0,GNKAILPILWSLFPHHRYLLDTDFTVNDELV
0,PLTGKLTLPPGATVDHMLMESDDQKLLMASD
0,HYHGDLEAAKTLILSHLRFVVHIARNYAGYG
0,ELSATFLEMKGHFYMHAGSLLLKMGQHGNNV
0,VEVSSGEENEQVVFSHRAELYRYDKDVGQWK
0,PLLRHVASRHQEGRPHFCQICGKTFKAVEQL
0,DDWRELTARLGCVSIHLNHKLLNKARVMQLK
0,VVEGYRGKKRQEAPPHIFSISDNAYQFMLTD
0,PKVVKGRAEAHFSLIHYAGTVDYSVSGWLEK
0,APNQTKELEEKVMELHKSYRSMTPAQADLEF
0,GNPWEKARPEYMLPVHFYGRVEHTPDGVKWL
0,LERWPVSMFEKLLPRHLEIIYAINQRHLDHV
0,MSVIEEGDCKRINMAHLCVIGSHAVNGVARI
0,YFYIPPVNKYSTGMVHLLLQVTIDGRNYIVD
0,QIETIFFKVPELYEIHKEFYDGLFPRVQQWS
0,SLPEANLLTFLFLLDHLKRVAEKEAVNKMSL
0,DVGQDEGATRALGKKHKDFLEELEESRGVME
0,DMPESLPEAEQLLQQHAGIKDEIDGHQDSYQ
0,DVGLDASTAESFHRVHTAFERELHLLGVQVQ
0,ERPRDVSSVELLMKYHQGINAEIETRSKNFS
0,REELFQGDAFHQSDTHIFIIMGASGDLAKKK
0,GYFDEFGIIRDVMQNHLLQMLCLVAMEKPAS
0,GRRTGSLYCRVGIGFHLQIYPDGKVNGSHEA
0,FVKSAGSRIEDGVPQHLVLVLGGKSQDDVSR
0,NKFRQSSPDSVKVVIHFTDGADGDLADLHRA
0,RQLINALQINNTAVGHALVLPAGRDLTDFLE
0,PKFDKIEDMAMLTFLHEPAVLYNLKDRYGSW
0,LSRQPGENGSIVTCGHRWKNIFYIKNENKLP
0,LSPQLEELITKVSKAHQETFPSLCQLGKYTT
0,ACKLAQSNGWGVMVSHRSGETEDTFIADLVV
0,RICNAVSPDKDVDGFHVINVGRMCLDQYSML
0,AGRSKNVGMPIAMLLHTDGAHERPGGDATVT
0,LSDPPNIAGLSHFCEHMLFLGTKKYPKENEY
0,PNQEGIDVRQELLKFHSAYYSSNLMAVCVLG
0,KERPRGYTSKIAGILHYYPLEEVLTAEYLLE
0,LNFEFFSPFAYVDPLHCNMAYLYLELLKDSL
0,YMRSLNNFRAEQPHQHAMYYLRLLMTEVAWT
0,MEKSIEDMTEEAFQKHIQALAIRRLDKPKKL
0,ATAGMENRKPVVLQAHLDMVPQKNNDTVHDF
0,TYQRLFNKTPNIQIIHAGLECGLFKKPYPEM
0,SAKPFIETVPSIDALHCDIGNAAEFYKIFQL
0,TAVCTRDIGWRPDSTHLLVFSTESAFHYEAD
0,KGVTIGIMDDGIDYLHPDLASNYNAEASYDF
0,AGVATTDLYGNCTLRHSGTSAAAPEAAGVFA
0,DDSKVGFDKWPFMTTHTWGEDARGTWTLELG
0,SKEDAVNWLSGLKILHQEAMNASTPTIIESW
0,KYDAVDMQDMNNPLSHYWISSSHNTYLTGDQ
0,GELYMWDSIDQKWTRHYCAIADAKLSFSDDI
0,AKRSDELSFCRGALIHNVSKEPGGWWKGDYG
0,AKMIDERQQELTHQEHRVMLVNSMNTVKELL
0,ICNKRRWQPPEFLLVHDSGPDHRKHFLFRVL
0,VQLDVPVVKVASGNDHLVMLTADGDLYTLGC
0,FKNSTKSWVGFSGGQHHTVCMDSEGKAYSLG
0,FVIDFKPRASMDTVHHMLLFGCNMPSSTGSY
0,VVNSDISCHYKNYPMHVFAYRVHTHHLGKVV
0,VSGVALDPKNNLVIFHRGDHVWDGNSFDSKF
0,AAVLQSSGKNLFYLPHGLSIDKDGNYWVTDV
0,ESSGSSPLPGQFTVPHSLALVPLLGQLCVAD
0,IPAKMFRRVLTIVQAHCKLGLTATLVREDDK
0,MNPNKFRACQFLIKFHERRNDKIIVFADNVF
0,SYLENPTSYHLQQSQHQKVREYLSETYGNKF
0,YALLYHTLQEATKPLHQFFLNTTGFSFQDCH
0,EEKAGELEVFNGYFVHFFAPDNLDPIPKNIL
0,ESTPPPHVMRVENDPHFIIYLPKSQKNICFN
0,RTDLVFGTDVTCWFVHNSGKGFIDGHYKDYF
0,TGPSAPKLGEFVVTLHGHFNWTARAALLYLD
0,EGVFEALQGSNLSVQHQVYAREPGGPEQATH
0,SNITIPSDTPEMLQAHINALQISNKLYQKDW
0,QHFKICLAQNSPSTFHYVLVNSLHRIITNSA
0,NKFLLKNKQADRSSCHFLLFYGVGCDIPSSG
0,CDIPSSGNTSQMSMDHEELLRTPGASLRKGK
0,YPKAKMEDGQAAESLHKTIVKRRMSHVSGGG
0,NHSLSFISDGNVLALHRLLWNNQEKIGQYLS
0,RRFKTGQINGDLLIYHVLLTLKPYYAKPYEI
0,YIYNCNSWVREYTKYHERLLTGLKGSKRLVF
0,YMLMLSFNNSLDVAAHLPYLFHVVTFLVATG
0,ALTKLQPLLNKDSPLHKALFWVAVAVLQLDE
0,SPEEVFMAIRNPLEWHCKQMDHFVGLNFNSN
0,ALDKAREGRTTIVIAHRLSTVRNADVIAGFE
0,SSFAPDYAKAKLSAAHLFMLFERQPLIDSYS
0,IFKPTNGIIHHFKTMHRYTLEMFRTCQFCPQ
0,KLVALKTNGDGNCLMHATSQYMWGVQDTDLV
0,PMARSGLQYNSLEEIHIFVLCNILRRPIIVI
0,EIPPNLPSSLVELRIHDNRIRKVPKGVFSGL
0,ILMLNMGGPETLGDVHDFLLRLFLDRDLMTL
0,RKPTMKWSTIDRWPTHHLLIQCFADHILKEL
0,FPLEKRSEVVILFSAHSLPMSVVNRGDPYPQ
0,GNPLFSKALADLVHSHIQSNELCSKQLTLSC
0,VERYRLMLMDKGILVHGGVVDKHATSYAFHG
0,SQKVDSQTIPKHVFEHTFHRLEAGEQYQIMI
0,KICGEEQLDAHRLIRHFHYTVWPDHGVPETT
0,HRVHMVQTECQYVYLHQCVRDVLRARKLRSE
0,KRQRPELDVRVLVDWHRAQRGRIGAAASNTN
0,NTWWQSPSIKNGIEYHYVTITLDLQQVFQIA
0,RTVTREDFLDILYDIHYILIKATYGNFMRQS
0,IVIRPEPNLFHDGREHSVHVERTRGIFTVQV
0,DTHTMIPTKINDGQWHKIKIMRSKQEGILYV
0,MDGMGIEMIDEKLMFHVDNGAGRFTAVYDAG
0,LCDGQWHKVTANKIKHRIELTVDGNQVEAQS
0,ISEVDMDFTMTLYLRHYWKDERLSFPSTNNL
0,RDFALAYLNGILLFGHMLKIFLENGENITTP
0,LAEQLNKDGIRSAAIHGNKSQGARTRALADF
0,ALGRALSPLEEWLRLHTYLAGEAPTLADLAA
0,HRMRGETTLWNPGCDHAGIATQVVVEKKLWR
0,TTRIETMLGDVAVAVHPKDTRYQHLKGKNVI
0,SAAVTRGDLRILPEAHQRTWHAWMDNIREWC
0,EDLSVFYPGTLLETGHDILFFWVARMVMLGL
0,GLKLTGRLPFREVYLHAIVRDAHGRKMSKSL
0,IDPLDVIYGISLQGLHNQLLNSNLDPSEVEK
0,HVAALVVGECCPTPSHWSATRTLHEWLQQHG
0,LSEPNPRPVFGICLGHQLLALAIGAKTYKMR
0,RIDRWFLHRMKRIIAHAQLLEQHRGQPLPPD
0,LTYWGTTHDLTFRTPHVLVLGSGVYRIGSSV
0,LSMGGQLPNNMAMALHRQQCRVLGTSPEAID
0,VEALGQIGPAPPLKVHVDCMTSQKLVRLPGL
0,MTSQKLVRLPGLIDVHVHLREPGGTHKEDFA
0,MEHFETWPSHLPIVAHAEQQTVAAVLMVAQL
0,VAAVLMVAQLTQRSVHICHVARKEEILLIKA
0,AKARGLPVTCEVAPHHLFLSHDDLERLGPGK
0,ALWENMAVIDCFASDHAPHTLEEKCGSRPPP
0,SVQTMSCYADVVVLRHPQPGAVELAAKHCRR
0,MTITMVGDLKHGRTVHSLACLLTQYRVSLRY
0,LTLRKGGNNKLIKIFHRDGKYGFSDPLTFSS
0,LLPQLKENDTHCIDFHYFVSSKSNSPPGLLN
0,RQFHFTGWPDHGVPYHATGLLGFVRQVKSKS
0,KWQEEYNGGEGRTVVHCLNGGGRSGTFCAIS
0,VIPTQRDLLAGIVAKHYARQHLLPRDVVQAH
0,FKNGRASISLGYIGIHETINALFGGEHVYDN
0,IPNQPQDFEKEIAKLHQQHIGLSPAEAEFNY
0,YNVRDKKALLRLLDQHDQRGLGGILLEDIEE
0,QARQVKNLLDDVEEFHERAQEAMMDETPDSS
0,DPRNPHNDRFVLSKGHAAPILYAVWAEAGFL
0,IEEQRNATGIVPGSRHLVLERCRDEIGDWRI
0,RRVHEPWAVAIAGRIHALWGADASVVASDDG
0,FLLWALRPPGWLPQWHCGVRVVSSRKLVGFI
0,MAAEEEKRLRHDVMAHVHTFGHCCPKAAGII
0,YAWLQAEQRQPSAWQHRAVAYQAYQVEDYAT
0,AEKRGLGSNALYWWLHAQRYIPGQPELALND
0,YDAWPHKVSLGVEYQHTFKAINQRNGERNNA
0,FSFKTKSNLYKHRKSHAHAIKAGLVPFTESA
0,AFELPSVQEGHVEVEHHGRMLKGISSSSLKE
0,AQRIAVNYPRLDGVLHNAGLLGDVCPMSEQN
0,SATSTKSPILLGSLAHQIYRMMCAKGYSKKD
0,KLNSGEDKIEDILVLHLDRGKDYFLSVSGNY
0,SVSGNYLPSCFGSPIHTLCYMREPILDLPLE
0,TVLLFVTACLQTLVLHQYFHICFVSGMRIKT
0,YFQMARANCKKFAFVHISFAQFELSQGNVKK
0,GKTPFQQIINQISKLHAIIDPNHEIEFPDIP
0,TLKDVLQEGTFGRIFHGILIDEKDPNKEKQA
0,KKGTELLLGVDALGLHIYDPENRLTPKISFP
0,KGFYSNGAASSVSTKHALIMDEVDGMAGNED
0,KHTKIPIICMCNDRNHPKIRSLVHYCFDLRF
0,YIHVKPVAAGGDMKKHLMLLSRAADSICDGD
0,PGSNQGPRFAGSPLGHEFTSLVLALLWTGGH
0,EFLENNAELCQPDHIHICDGSEEENGRLLGQ
0,PVLEAVGDGEFVKCLHSVGCPLPLQKPLVNN
0,RMASRLAKEEGWLAEHMLILGITNPEGEKKY
0,RPAGVPLVYEALSWQHGVFVGAAMRSEATAA
0,SEATAAAEHKGKIIMHDPFAMRPFFGYNFGK
0,WDKKWSCSQVFEGHTHYVMQIVINPKDNNQF
0,PIIITGSEDGTVRIWHSSTYRLESTLNYGME
0,LRNKSFGSAQEFAWAHDSSEYAIRESNSIVK
0,WDNTELIRRIEIQPKHIFWSDSGELVCIATE
0,NRLNYYVGGEIVTIAHLDRTMYLLGYIPKDN
0,NQNFNNSETLGHQGSHVVTLQLRIDGMHCKS
0,TLTCTVYAIPPPHHIHWYWQLEEECANEPSQ
0,DGSCFPDALDRFLCTHIIYSFANISNDHIDT
0,ISQHLDFISIMTYDFHGAWRGTTGHHSPLFR
0,DLTPTYLNQEDAVHFHRTLKEACDQHGPDLY
0,QUGKTEVNYTQLVDLHARYAECGLRILAFPC
0,YYTPGKGAYLWICLAHYLPIGIYDYFAKRHF
0,GWFLKEKQLAMMQTPHHFFSPDPFERNLGRF
0,GLKFAQRLCYVNAMFHFLSGIPRLIFLTAPL
0,DTYVVFIIGETTRWDHMGIFGYERNTTPKLA
0,VDEMQQSLGRNPDGKHLIILHTKGSHFNYTQ
0,DQVRDKKAIVFYAADHGESINEREHLHGTPR
0,FAQLKKEADMKVPRRHVELYDTIMGCLGYTS
0,ILKQILFMGMMTEYYHYFFTTLDLFALDLEL
0,YLHKEPVIKAAKNKKHVFCEKPIALSYEDCV
0,MVKACKEAGVTFMAGHIMNFFNGVQYARKLI
0,RKLIKEGVIGEILSCHTKRNGWENKQERLSW
0,SWKKMKEQSGGHLYHHIHELDCVQHLLGEIP
0,PLWLASLIRKETLFLHNILCGAKPEEDYIDL
0,KGLLGAQAKLERLLLHSNRLVSLDSGLLNSL
0,SGLLNSLGALTELQFHRNHIRSIAPGAFDRL
0,LKKIEIWKLPPVLLVHLKRFSYDGRWKQKLQ
0,QAAQLRNLVQCGDFPHLLVYGPSGAGKKTRI
0,ELVMTKESKALMGLYHGQVLCKKNKFGAPQK
0,VFQVKTLSLPVVVIVHGSQDHNATATVLWDN
0,KALEVTKLAIEAGFRHIDSAHLYNNEEQVGL
0,SLKKAQLDYVDLYLIHSPMSLKPGEELSPTD
0,KPGLKYKPVCNQVECHPYFNRSKLLDFCKSK
0,IRYCVLASLDERFDAHLAQAENLQALFVALN
0,GRMRCLEALGEWGQLHQQCCEKWTLVNDETQ
0,RDTHDGAFYRAVLALHQDLFSLAQQCIDKAR
0,YSAATEHDRSWYKAWHAWAVMNFEAVLHYKH
0,AMMVSEELIRVAILWHEMWHEGLEEASRLYF
0,HPSNLMLDRLSGKILHIDFGDCFEVAMTREK
0,FLVAEGGLNSGFMIAHCTAAALVSENKALCH
0,TAESRFSTLAELVHHHSTVADGLVTTLHYPA
0,HHWSWASDMPLECAIHFVEIRCYIDNLHFSG
0,KVFNDTCRSGGLGGSHALLLLRSCGSLLPEL
0,DLPVTEAVFSALVTGHARAGDMENAENILTV
0,SKEDGPSVFGSFFLQHCVTMNTPVEKLTDYC
0,LKEVQMHSFPLQFTLHCALLANKTDLAKALM
0,EKDVLIKDTTALSFFHMLNGAALRGEIETVK
0,VAIDCYEKYKVLPRIHDVLCKLVEKGETDLI
0,VDLRGLGFDRAARQVHEKALFLVFGRTKKRD
0,FIPNDVYFEKDKQMFHIITGPNMGGKSTYIR
0,PPSPPVSLISALVRAHVDSNPAMTSLDYSRF
0,AGGRTHASPADLCHYHSQESDGLVCLLKKPF
0,VHRDLAARNVLLVTQHYAKISDFGLSKALRA
0,HGDFYPFDGPSGLLAHAFPPGPNYGGDAHFD
0,TMLNASSSKEHVKWVHAEMVNKNSELKLIYV
0,AYEARRFTRIAVDEVHCCSQWGHDFRPDYKA
0,VTVSLQNLGIHAGAYHANLEPEDKTTVHRKW
0,AFGMGIDKPDVRFVIHHSMSKSMENYYQESG
0,VKKTKKSPGSGCILAHCMGLGKTLQVVSFLH
0,AKLFQDFQMLSRIWTHPWCLQLDYISKENKG
0,PMLPKDTILAELLQIHKEHIVGYHEHDSLLD
0,RKTQVAAVETGGITQHIGAFLVSLPSGEKIT
0,LLCQNFSMVDVVMLLHGHFQPLQRLQPQLRS
0,KVNTAQCPLPLFTCLHVKPDVSELMFADWVE
0,FFMGTVVKKYEENPLHFLMGVWGSAFSILFN
0,DAGSDYQSDNQASWIHRMIMALVSDSALFNT
0,FERIYEPLDVKSKKIHVVDSGLTFNLPYPLI
0,KPKNPDMEKDCPTIIHFVLANINFRKYRAPG
0,PGYVVTPHTMNLLKQHLEITGGQVRTRFPPE
0,GQVRTRFPPEPNGILHIGHAKAINFNFGYAK
0,DVYCPVQWEYGRLNLHYAVVSKRKILQLVAT
0,TCRRADAGEKPKAFIHWVSQPLMCEVRLYER
0,DKVAQLPLFVSDGKWHHICVTWTTRDGMWEA
0,TVMLSKYDRLQNKIVHFSANACLAPICSLHH
0,NDETVFAKDKVTCVGHIIGAVVADTPEHTQR
0,VGFMKTGTVVALEVDHFSNVGNTQDLSQSIM
0,NTQDLSQSIMERALFHMDNCYKIPNIRGTGR
0,ISFTVPFLNQAGALLHVYTDGSVLLTHGGTE
0,SVLLTHGGTEMGQGLHTKMVQVASRALKIPT
0,PNLGYSFETNSGNPFHYFSYGVACSEVEIDC
0,FPPKILTSVGSNVSFHCIYKKENKIVPSKEI
0,PIFLLSGYTMWIRINHSLGSLDSPPTCVLPD
0,QDRKSRLMGLEALKSHIMAAKAVANTMRTSL
0,QTAKTTLGSKVVNSCHRQMAEIAVNAVLTVA
0,NAPEERARGITINAAHVEYSTAARHYAHTDC
0,GGKHNDLDDVGKDVYHHTFFEMLGSWSFGDY
0,EDADGIDMAYRVLADHARTITVALADGGRPD
0,EFTVKNAQVRGGYVLHIGTIYGDLKVGDQVW
0,DEPRRRPIMSNHTATHILNFALRSVLGEADQ
0,GPAGSLTSVEFCGGTHLRNSSHAGAFVIVTE
0,EPSWPCPWGKGRPGWHIECSAMAGTLLGASM
0,KGVIRAEHGPTCMVLHPLAGSPSKTKLTWLL
0,EFHETFDCPIKIIAVHPHFVRSSCKQFVTGG
0,GDLYNNSVIVQAVRDHLKKDSQNKTLLKTLA
0,LHKLFKRDHHKGQRYHEKQISLYAEYDRPNL
0,TFRCVQMLEWFEHHGHICIVFELLGLSTYDF
0,YYLGFTVFPTHDSKEHLAMMERILGPLPKHM
0,NCKPLKSYMLQDSLEHVQLFDLMRRMLEFDP
0,QFVITLKKAEHLDFKHVVFGFVKDGMDTVKK
0,NLLKVDAYGNLLVCAHGFNFIRGPETREQYP
0,LPPIAKWPYQNGFTFHTWLRMDPVNNINVDK
0,CLIVTSIKSKGKGFQHCVKFDFKPQKWYMVT
0,TFKFKAESDLFLAEHHKLLLYDGKLSSAIAF
0,IYNTIRRVGTVLLIMHTLKYYYWAVNPQDRS
0,KITEMVYAIFRILLYHAVKYEWGGWRVWVDT
0,RSTVFRIPEFNWSQMHQRLLTDLLFSIETDI
0,INRLALESEFVSCQLHQWIDLIFGYKQQGPE
0,HRRQITDLLDQSIQVHSQCFVITSDNRYILV
0,LGLVLSGSQEGPCLIHSMNGDLLRTLEGPEN
0,ENCLKPKLIQASREGHCVIFYENGLFCTFSV
0,RTCQLYPNAIASTLVHKFFLVFSKWEWPNPV
0,AVPEDLREACSNENVHKEFKKALGANCIFLN
0,GTRENISNAQALLEYHLSYLQEVEQLRLERL
0,YVPFLASTAGVRLMLHEQRSYPFIRDEGIYA
0,GNPNHDGNDLFLVAVHELGHALGLEHSNDPT
0,MFKKVNARERIVGWYHTGPKLHKNDIAINEL
0,SEDWTMEERFRPLTFHGLILRSQLVTLLVRG
0,HVDPHQRLTAALVLRHPWIVHWDQLPQYQLN
0,MGNCNNGPVTIPQRIHHMAASHVNITSNVLR
0,LYTWDEEVTSNAVEVHVHHLRRKLGSDFIRT
0,PLVIEPFSINDIFKAHLMFASISFFWGKSIM
0,DFTWKMLKDKFNECGHVLYADIKMENGKSKG
0,LIVLDRLIELKEHPAHERVLQDLVMDILRVL
0,NWQSRTCVCVLTGHNHYVMCAQFHPTEDLVV
0,HVLEGHDRGVNWAAFHPTMPLIVSGADDRQV
0,DTCRGHYNNVSCAVFHPRQELILSNSEDKSI
0,QTFRRDHDRFWVLAAHPNLNLFAAGHDGGMI
0,CEMAAYFTHSNLQPVHMILVLRTALNLFFKL
0,LRHNPLDIQMLSRGLHEQIFGQGGEMPGEAA
0,WDWLDISSVNSLAEVHRLYVGGPPLEKEPRE
0,LWIAAVLGDAHFAGMHGCTAFGWMTLQGRKS
0,DLHSKTATTVGISREHAKIFNYGRIYGAGQP
0,SRVNWVVQSSAVDYLHLMLVAMKWLFEEFAI
0,LLTTQTQVQREIVNKHNELRRAVSPPARNML
0,NGYYFAIDPNGYVLLHPNLQPKEPVTLDFLD
0,VRVRGSTGVAAAAGLHRYLRDFCGCHVAWSG
0,RVFPQVNVTKMGSWGHFNCSYSCSFLLAPED
0,RTASFQGQPFIWCMLHNFGGNHGLFGALEAV
0,QNDLLGHPKTKAFITHGGTNGIYEAIYHGIP
0,AQRYLLHGLECVVAMHQAQLISKIPHILKEM
0,AAATLGPSAQDMVAVHMHRLYEKYSRQGARP
0,VNEWMAQDLENIVAIHCKGGTDRTGTMVCAF
0,NLPTYYDNCSFYFWLHTSFIENNRLYLPKNE
0,EGVLIDKGKWLLKENHLLRMSSENPGMCGNA
0,SDIENFLGFYLWMKIHPYLLQTDKNVFREEN
0,KFQPDLKERFCMNFLHTSLLVVGNVDSNTQD
0,STSGRLDNITQVMSLHTQYLESFLRSQFYML
0,FYMLRMDGPLPLPYRHYIAIMAAARHQCSYL
0,IMAAARHQCSYLINMHVDEFLKTGGIAEWLN
0,NWSLPELVHAVVLLAHYHALASFVFGSGINP
0,ILCRELGFTEATGWTHSAKYGPGTGRIWLDN
0,EAMVACRQLGLGYANHGLQETWYWDSGNITE
0,TAGVICSETASDLLLHSALVQETAYIEDRPL
0,RADFRPKAGRHSWVWHECHGHYHSMDIFTHY
0,AMKCNCKYDGHRIWVHNCHIGDAFSEEANRR
0,SDCVLLCLSISRLFLHGLLFLSAIQLTHFQK
0,ALDKFQADTGIDIDMHIDAASGGFLAPFVAP
0,DSLSSLAASCDAVFVHSSTASHFDVVSTLLN
0,LSYLHDLHIDYIKIDHSFVGRVNADPESTRI
0,YIEQKLRERMNIPVFHDDQHGTAIISTAAIL
0,EADAMICGTVGDYHEHFSVVKNVFGYRDGVH
0,TVRRFGIEPRVALLSHSNFGSSDCPSSSKMR
0,HHRLQDAIENRDICVHYQPIVSLANGKIVGA
0,PKTSAPIISRYREAGHEIYLDDFGTGYSSLS
0,TEPEPAEILAEFIRQHSAAGQLVARAVFLSP
0,EDMKRLNLGGTDQFFHCMAFCRVSKLNDAGV
0,TGYSLSEIVPCLSELHKAYLDIPHRPQQAIR
0,QLEKIRAPSNVSTIIHILYLPEDAKGENVQF
0,VDTGNWLFFPGATVKHSCQSDGNSIYFHGNE
0,STCRAPDQPGEGVLLHYSYDNGITWKLLEHY
0,EGLIVQYSNDNGILWHLLRELDFMSFLEPQI
0,MFMEDKTSVNEHWLFHDDCTVERFCDSPDGV
0,TLLHEMDYQKYISVRHDYILLPEDALTNTTR
0,PNAVRTAGFCGNPSFHLYWPNKKKDKTHNAL
0,LGSLCHRGSPCGLSTHVEIGHRALEFLQLHN
0,QLHNGRVNYRELLLEHQDAYQAGIVFPDCFY
0,KDTEKLVAFLFGITSHMAADVSWHSLGLEQG
0,YGRKVITENVIVDCSHIQFLEMYGEMLAVSK
0,LGGLDDMAFWSTNIYHLTSFMLENGTSDCNL
0,HGDLVVGAPGYSRPGHIHIGRVYLIYGNDLG
0,TVRGEEDFSWFGYSLHGVTVDNRTLLLVGSP
0,GSPTWKNASRLGHLLHIRDEKKSLGRVYGYF
0,GDKAMGKLGTSLSSGHVLMNGTLKQVLLVGA
0,NFIAAVVEKVAPSVVHVQLWGRLLHGSRLVP
0,NEDFAKHTKFGNTIVHGVLINGLISALLGTK
0,EVLSRYAERDTTLREHTALIKEYYGYHEFGD
0,EFAHVSESGARAQDLHISLCAVLMAEACNIG
0,GITWYNFVSDQYSGFHGIVVPGTLRDSIFVL
0,LQTQASATVAIPKEHHRFVIGKNGEKLQDLE
0,ANSFTVSSVAAPSWLHRFIIGKKGQNLAKIT
0,LAERDRWLFVATVMMHFVSIKSGFPGLCVGV
0,FKISKEVLAGRPLFPHVLCHNCAVEFNFGQK
0,KGYIDQMKQNITMKDHLSDIQRIIWGCPTLS
0,RTSKTTYQFIASVALHRLLIENIPDSKYVKN
0,ATTPSSQKKDTSNHFHVFVGDLSPEITTEDI
0,FVSFYNKLDAENAIVHMGGQWLGGRQIRTNW
0,PYCLDDAPPNLDYLVHMQGGILFVYDNKKML
0,SNPHRDFYNVRKVDTHIHAAACMNQKHLLRF
0,TFLFRPHCGEAGSITHLVSAFLTADNISHGL
0,GCPHKDRIPPEILAMHENVLKCPTPGCTGQG
0,EKPGCWSHRFPCPGRHALVGGTIIGSARCQA
0,VVTQLGYDTRVTILGHVQRGGTPSAFDRILA
0,SRCTVCEGPAIAIAVHSQTTDIPPCPHGWIS
0,VTDVCNGRKIELAVFHDAPIGYDDFVANCTI
0,SLVEAQPNVDKLVEDHLAVQSLIRAYQVRGH
0,SKLEAADEGSGDVKYHLGMYHRRINRVTDRN
0,IGNVASSVPVENFTIHGGLSRILKTRGEMVK
0,RHYGETKMNQRSSRSHTIFRMILESREKGEP
0,WKMNGTEMKLEPGSRHQLVGGNLVIMNPTKA
0,EYQNMVNYLIQWIRHHVTTMSERTFPNNPVE
0,EYFKNMTPKVDSSLDHIICTEPDLIGKPAEE
0,TQENLNQQYQKVKAQHEKIISQHQAVIIATQ
0,QQQEEHRQLRELIAEHKPHIDKMNKTGPQLL
0,KLLDVMELAEKFWCDHMSLIVTIKDTQDFIR
0,PLGGLPETAKEQLNVHMEVCAAFEAKEETYK
0,EIANDPDKIKTQLAQHKEFQKSLGAKHSVYD
0,PVHGDIDLVMNLIDNHKAFQKELGKRTSSVQ
0,VLPDDEDALRTLIDQHKEFMKKLEEKRAELN
0,VIPQEIEEVKALIAEHQTFMEEMTRKQPDVD
0,EPNCYSRVINIDGQKHIVIFAMRKIYRGEEL
0,EKRVLSLAWEHPFLTHMFCTFQTKENLFFVM
0,LFFVMEYLNGGDLMYHIQSCHKFDLSRATFY
0,QYPRLREEMERIVTTHIREREGRTKEQVMLL
0,LLVREEGLMQNCNQMHASYLFQQDKHYDLSY
0,LWLMWRAKGTTGFEAHVDKCLELAEYLYNII
0,NLMKEAPTAYSLLIMHRDVIYAVRDPYGNRP
0,SPIIKLLKESGAKEVHIRVASPPIKYPCFMG
0,LSRTRTGKYTDYYIWHDCTHENGKTIPPNNW
0,AQQGGYEIPARLRTLHNLVIQYASQGRYEVA
0,YPVQEYFLEDCIQMTHFVPPPKDKKKKDKDD
0,YVIDSCKQKVKLFTAHNNMTNYATVWASKTN
0,QRKGRAGRVRPGFCFHLCSRARFERLETHMT
0,LGYIHRNFAGNRFSDHVALLSVFQAWDDARM
0,QMENTNNFHNLYVKRHTNVSILYADIVGFTR
0,TLANHMEAGGVPGRVHISSVTLEHLNGAYKV
0,LIMMVALVGYNTILLHTHAHVLGDYSQVLFE
0,VPSQEHSQEPERQYMHIGTMVEFAFALVGKL
0,SELALMYNDSSVLENHHLAVGFKLLQEENCD
0,RKMVIDIVLATDMSKHMNLLADLKTMVETKK
0,SAFANTEGGYVFFGVHDETCQVIGCEKEKID
0,ELLSKNLRKTRELFVHGLPGSGKTILALRIM
0,VTRKTFMKNNFEHIQHIIIDDAQNFRTEDGD
0,AFEEIDGVDLCFFGMHVQEYGSDCPPPNQRR
0,SVHFFRPKCLRTAVYHEILIGYLEYVKKLGY
0,IGYLEYVKKLGYTTGHIWACPPSEGDDYIFH
0,KSFVSSYSREKLEKVHAGLMCHLEEVADLVV
0,SRTKAILGALLILYVHCRDIVINLLLKNIFN
0,TPLTDRCWLTLMEALHLNLGGCPAGPAGTGK
0,ISPRLLKHFSMLVLPHPSQDILCTIFQIGID
0,QSLLSFFQKRIYKNLHIFVIMSPEGPSFRQN
0,RENLKEKLAPTCVQIHKSMKDLNRKYFEETG
0,WESLSKNLKDHDPLIHCVLLTFLKQEIKRFD
0,YGRSRGIAVDALTFTHHVISNTTDKDEKFSV
0,LPIIIALGNPCLKPRHWEALQEIIGKSVPLD
0,SSSLKQNITILIPETHKTATGSSDNPTKKPE
0,RTVVNSKEMAALLFVHEATRVFHDRLIDFTD
0,LRKAQGIDNVLVIFSHDFWSTEINQLIAGVN
0,PKFWKVLVPQIPRIFHAGDCGMHHKKTCRPS
0,RIWQCGGTLEIVTCSHVGHVFRKATPYTFPG
0,KNNIDVFYFSTLYPLHILFVEDGKMDRQMFL
0,ALKAAAGRLVTGSQDHTLRVFRLEDSCCLFT
0,EEVLSVTPNDGFAKVHYGFILKAQNKIAESI
0,IESGDPGTDDGRFYFHLGDAMQRVGNKEAYK
0,HVWPHTGPTNCRLRMHLGLVIPKEGCKIRCA
0,FDRVFPPNTTQEQVYHACAMQIVKDVLAGYN
0,MSVTHPGLCRRVALRHCLALLVLSAAAPVLD
0,RKYFLCLASGIPCVSHVWVHDSCHANQLQNY
0,MRPRLLLSAAVSGVPHIVQTSYDVRFLGRLL
0,FFMDDVSLIQHTLTCHQYYLQLRKDILEERM
0,MTLEDIQTREVRHISHLNFTAWPDHDTPSQP
0,EANVDAATKKGNTALHIASLAGQAEVVKVLV
0,LLENDTKGKVRLPALHIAARKDDTKAAALLL
0,TKNGLSPLHMATQGDHLNCVQLLLQHNVPVD
0,KANPNAKALNGFTPLHIACKKNRIKVMELLL
0,IDHQSCSRVHAALVYHKHLKRVFLIDLNSTH
0,DGFLVEVSESSRKLRHVFLFTDVLLCAKLKK
0,RMIFKKAREDTRTRHHVYVTAALMEYYCSKD
0,SANAVQSICNALGVPHIQTRWKHQVSDNKDS
0,DAKPLLKEMKRGKEFHVIFDCSHEMAAGILK
0,QKIQKTPLFVAAICAHWFQYPFDPSFDDVAV
0,AGMRLIELLDSDRQEHQDLGLYHLKQINSPM
0,KLVKLIQNSPNLHVFHLKCNFFSDFGSLMTM
0,NAISLFGRDCSVQRRHQKIIEEAPATIATPA
0,PIDFEDSAHVPCPRGHVIAARITSENPDEGF
0,MKMVMTLTAVESGCIHYVKRPGAALDPGCVL
0,LCQFPSQQIANILDSHAATLNRKSEREVFFM
0,RNFDLTAIPCANHKMHLYLGAAKVEVGTEVT
0,LEVAFNNTNVRTDCNHIFLNFVPTVIMDPSK
0,EVYTSNNQLGGIQIMHNNGVTHCTVCDDFEG
0,HCTVCDDFEGVFTVLHWLSYMPKSVHSSVPL
0,GPVEILPFLYLGSAYHAARRDMLDALGITAL
0,INTEVVACSVDSQFTHLAWINTPRRQGGLGP
0,IEPKDIHAKCELAFLHTSHCLASGEVMISSL
0,DGFNPADVEAGLYGSHLYVWDWQRHEIVQTL
0,LDIVKRYNWTYVSAVHTEGNYGESGMDAFKE
0,DAFKELAAQEGLCIAHSDKIYSNAGEKSFDR
0,DSKMGFVINAIYAMAHGLQNMHHALCPGHVG
0,IMNLQYTEANRYDYVHVGTWHEGVLNIDDYK
0,RRRDISSTLIALADKHAREIEEEMENPEMVD
0,GSPKFAMKTRQAFYLHTTKLTRIARRLCREI
0,GMLSHPPIPIADMAEHTERLKANDSLKLSQE
0,VATVAFCDAQSTQEIHEKVLNEAVGALMYHT
0,QALKEGRIRGAALDVHESEPFSFSQGPLKDA
0,SQGPLKDAPNLICTPHAAWYSEQASIEMREE
0,LGINSEYTKRTLMRLHPNIKVMRHPDHVSST
0,LFEYAVSEENGCWLFHPSWHMCIYKRMFESE
0,GLLALRDVIHCTMITHQILLRGAAQCYLLQT
0,RCHLYLMVLTELINLHLKVGWKRGNPIWRVI
0,ENLKTSICTFLAVLSHLDIITQNIPEKKLIL
0,GACQSPPAPHPTLITHWMPYGSLYNVLHEGT
0,KADINAVNEHGNVPLHYACFWGQDQVAESGQ
0,GKSTQKPLHYKSCLFHRVVKDFMVQGGDFSE
0,FLLQERNADGTIKYVHMQLVAQATATRRLVE
0,ITWHNIGYTDNVGCIHLISKKPTGLFYLLDE
0,ARFYTAEVVLALDAIHSMGFIHRDVKPDNML
0,DGIVEFNWKRHRLFNHTACLVLYQLCVEDPM
0,NLQGDEQRLYEFIVRHFLACCSQDAQGQETT
0,ETTVEIDIAQERFVAHGLMILARNYLDVYPY
0,LMEKHGIGTDATHAEHIETIKARMYVGLTPD
0,RMYVGLTPDKRFLPGHLGMGLVEGYDSMGYE
0,GTRVCVGSCGGRTFQHTVQLLVYAFPDQLTV
0,TLDGRLQVAGRKGFPHVIYARLWRWPDLHKN
0,YPRQSIKETPCWIEIHLHRALQLLDEVLHTM
0,LMLDNWKRGDSPTEKHKKLYPSCRFVQSLNS
0,GKLSNWEPKDNAMSEHLRHFPKCPFIENQLQ
0,QDTSRYTVSNLSMQTHAARFKTFFNWPSSVL
0,GGLRCWESGDDPWVQHAKWFPRCEYLIRIKG
0,NKQQTDIAVNWAGGLHHAKKSEASGFCYVND
0,LTERNLQDAQKFILMHEVVQPVTTVPSFMED
0,VTTVPSFMEDNSRFSHVAVDVVQGREALVHI
0,AAFRAKGRVPVLSWIHPESQATITRCSQPLV
0,RIADKIESGKTSVVVHCSDGWDRTAQLTSLA
0,SAFEFNELFLITILDHLYSCLFGTFLCNCEQ
0,LGERLYTETKIFLENHVRHLHKRVLESEEQV
0,YTKVIHECQQRMVADHLQFLHAECHNIIRQE
0,QENMPTLFVESVLEVHGKFVQLINTVLNGDQ
0,LFYSQHFSGRKLTWLHYLCTGEVKMNYLGKP
0,EEPIVKVVERELISKHMKTIVEMENSGLVHM
0,RFMQEKDVFERYYKQHLARRLLTNKSVSDDS
0,RFYLAKHSGRQLTLQHHMGSADLNATFYGPV
0,VGVGGAQVTGSNTRKHILQVSTFQMTILMLF
0,DDELPMKEGDCMTIIHREDEDEIEWWWARLN
0,YDIIVCENSKPGQVIHTISATDKDDFANGPR
0,PRSLLEKLRWVTVGYHYNWDSKKYSADHYTP
0,LGGLQRDEAPTAMFMHSGDIMIMSGFSRLLN
0,DRPLQALCLLCFADIHRSRGDLETAFPRYDS
0,PGWKETNFQVMQMKLHIVALIAQKGNFSKTS
0,AKWLQDEMFHSDFQHHNKALAVMVDHLESEK
0,FSTMPFIYCNINEVCHYARRNDKSYWLSTTA
0,QLHSPEGLAVDWVHKHIYWTDSGNKTISVAT
0,ILAENLNNPHDIVIFHELKQPRAPDACELSV
0,SLGNFKDDLLNVCMRHVEKMCKADLSRNFIE
0,PYEPAVDFFSGDVMIHPVTNRPADKRSFIPS
0,LAVVLATQGHTQVLIHQLSRRRSQSPFRRSH
0,PLFASGSDDGSVIVCHGMVYNDLLQNPLLVP
0,PIEDVNRSHLRFTFRHRSSQDSKDKSEKIFA
0,KFQHFNPVLETYIKKHFSATLAYTKLTKVLK
0,CREILLPMMTDQLKYHLERQEDLEACCQLLS
0,LDQANFELQLWNNYFHLAVAFLTQESLQLEN
0,REEMYIRYLYKLCDLHKECDNYTEAAYTLLL
0,IRIHGDKVTEALRPFHERMEACFKQLKEKVE
0,VTGELRKLNLSCGTYHAGMSFSTRKDIHHRF
0,SIAESRILPLMTIGMHLSQAVKAGCPLDLER
0,YSGSKCAYLPKMMTLHQQCIRVLKNNIDSIF
0,DGTFRCSYVPTKPIKHTIIISWGGVNVPKSP
0,SQRCLLEILRTFERAHQVTYSQSPKIATLMK
0,ATLMKSVSTSLEKKGHVYLVGWQTLGIIAIM
0,ELSTKWVLNTVSTGAHVLLGKILQNHMLDLR
0,YPLSENNQVQSGRAFHHGRFIMSLRKAAMAE
0,FVGFLMKNAPQFKANHAELILANPSPVLIYQ
0,GLLSVLSPNPLVLIGHFFAVAIYAVYFCFKS
0,NVLVLYSKSEVAAENHLRLLSTVAQAVKGQG
0,FDQFVKEHSSVLVMFHAPWCGHCKKMKPEFE
0,QDLCQQEAVKGYPTFHYYHYGKFAEKYDSDR
0,VCKLLASMLAKAGLTHIITMDLHQKEIQGFF
0,NEVTDYAIARRIVDLHSRIEESIDRVYSLDD
0,VSLDAAGNEGSWFYIHPFWKLRSEGDNIVVG
0,YREDVLKGGDVVRLFHAEQEKFLTCDEYEKK
0,TSATSSKALWEIEVVHHDPCRGGAGQWNSLF
0,CRGGAGQWNSLFRFKHLATGNYLAAELNPDY
0,RADCLVPRNSYVRLRHLCTNTWVTSTSIPID
0,DEEVWLYWIDSNKEPHGKAIRHLAQEAKEGT
0,RLSKLCVQNKKCRNQHQRLLKNMGAHSVVLD
0,NFCRGNPQNQVLLHKHLNLFLTPGLLEAETM
0,CSERDRGDESGPLAYHITLVELLAACTEGKN
0,FFNSPFSDNSTSLQTHQPVFIQLLQSAFRIY
0,IMQPILRFLQLLCENHNRELQNFLRNQNNKT
0,YCQGPCHENQTCIATHESNGIDIIIALILND
0,DVGHNIYILAHQLARHNKLLQQMLKPGSDPD
0,NEEKNKLTFEVVSLAHNLIYFGFYSFSELLR
0,YDKGDAKMMEILRYTHQFLQKFCAGNPGNQA
0,VAKGRAILLPMDLDAHISSMLSSGASCAAAA
0,LERDKFDNKTVSFEEHIKLEHNMWNYLYFIV
0,LLGTVIQYGNVIQLLHLKSNKYLTVNKRLPA
0,TDGAIWQWRDDRGLWHPYNRIDSRIIEAAHQ
0,FEDPSLDVILLLRVLHAISRYWYYLYDNAMC
0,AFRGISHCPPSGLYAHLCRFLALCLGHRDPY
0,YKTSKEGSTVGVTVSHASLLAQCRALTQACG
0,CFYKARAALVKSRDMHWSLLAQRGQRDVSLS
0,FLADVLQWRAHTTPDHPLFLLLNAKGTVTST
0,NAKGTVTSTATCVQLHKRAERVAAALMEKGR
0,FDPEEDEPTLEAAWPHLQLVYEFFLRFLESP
0,IKQILAAAKRADQVGHFLWVGSDSWGSKINP
0,PERQFFVKWQGMSYWHCSWVSELQLELHCQV
0,ERFYRYGIKPEWMMIHRILNHSVDKKGHVHY
0,EERITQVAKKKMMLTHLVVRPGLGSKTGSMS
0,CSHLKDWIQHQNTSTHIESCRQLRQQYPDWN
0,LQCVLCVGLQFGKVDHHVFISNRNKAILQLD
0,ELRTLTVEGCEYKKIHQDMIRDLLRLSTSSY
0,GSVGDTIPSAELVKRHAGVLGLGACVLSSPY
0,IEMTVKKTLSNFRRTHHDNWQEHKQQFTDDQ
0,LIITSAEASPAECCQHAKILEDTQFVDGYKQ
0,SEGLFSAKLFLTATLHEPIMQLLVEDEDHLE
0,PNQDGDILRDQVLHEHIQRLSKVVTANHRAL
0,LYEAAVKKVPNSEEYHSHLFMAYARVGEYKK
0,KTELQFSDYYCLLAVHALIDVWRETGDETTV
0,ALYRILQACTEKVDEHQTFLNKINNFSLSIV
0,FAFSRNGPVKRTPITHILVCRPKRTKASMSE
0,DVNEGEKEVMKLWNLHVMKHGFIADNQMNHA
0,NKPEQIGALADQHIIHVACGESHSLALSDRG
0,GQLGLSDEKDRESPCHVKLLRTQKVVYISCG
0,ELMGSEVTQIACGRQHTLAFVPSSGLIYAFG
0,AHSGQLSARADRFKYHIVKQIFSGGDQTFVL
0,LTLEPLLARSPFLVLHVRRNNLVGDALRELS
0,LLWFSDTCFVEHNWFHLIGITCGLAIYNSTV
0,ASQVVFMSGKEITVEHPDTKQVYNFIYDVSF
0,TSIKWWPGGLGKTSNHAIVLAQLITKGKCYG
0,AWNLTSVDLVRASEAHCHYVVVKLFSEKLLK
0,ALKDVVKVGAVDADKHHSLGGQYGVQGFPTI
0,SSWRDGRLFNAIIHRHKPLLIDMNKVYRQTN
0,RHPQGEQMYRRVYRLHERLVAIRTEYNLRLK
0,PNQEAQEAVTRLEAQHQALVTLWHQLHVDMK
0,LVIRGTQGAEEVLRAHEEQLKEAQAVPATLP
0,TVNEAVKEGVVGPELHHKLLSAERAVTGYKD
0,RNLVLKQGSHTQHVKHYWYTSWPDHKTPDSA
0,YNITRCHTFNVTICYHYFRGHNESKADCLDM
0,TGQLHPAIRVADLLQHINLMKTSDSYGFKEE
0,EFTGLHRDAATVTQMHFLTGQGRLLSLLDDS
0,RGLLVIWNQASQCVDHIFLGNQQLESLCWGR
0,KAINKILWRNCESGGHFIIFSGGMPRASYGD
0,EASRDLAQAPDMQGGHAVLIASEEQFKVFTL
0,KSVITNLKRRYSFRLHIGRNIARPWKLIYYR
0,GGHRTLLYGHAVLLRHSFSGMYLTCLTTSRS
0,WSGSNIRWGQAFRLRHLTTGHYLALTEDQGL
0,GVPEIKYGDSVCFVQHIASGLWVTYKAQDAK
0,NGVGDDLYSYGFDGLHLWSGRIPRAVASINQ
0,VDILELCEQEDLMRFHYHTLRLYSAVCALGN
0,NCPCPEEIREELYDFHEDLLLHCGVPLEEEE
0,QLNEYCKMPLKLLTNHYEQCWKYYCLPSGWG
0,FGMDLLLGDVQISCYHILCSLYSLGTGKNIY
0,TNYAYDEKFPSNPNAHIYLYNFLKRQKAPRS
0,MLEFHTLLRKSEKEEHRKLGLEVLFGVLDFA
0,GRKDGQMLPGEDEPLHALVTANTMENVKKAV
0,KDSQPIDLSACTVALHIFQLNEDGPSSENLE
0,VQLDPAGQLCDVKVAHHGENPVSCPELVQQL
0,LNHNMRFYAALPGQQHCYFLNKDAPLPDGRS
0,EVCPLSESRFSVSFQHPVNDSLVCVVMDVQD
0,QLVEEKPADGNKTVTHVVVVSAPSAIALPVT
0,WGNKGGVSVRLAAFGHMLCFLNCHLPAHMDK
0,GHGLKPLDIEFMKRLHEKVNIIPLIAKADTL
0,QNIVEDMEQRGIWSIHVYCVDNILVKVADPR
0,GKDNPTTARHALMSLHHCWVLNAGGHFIDEN
0,LELFRGISSQPFPELHCAALKVFTAIANQPW
0,PRPLLQRELMVPGTRHSAVLRDLRSGTLYSL
0,YLGPALSAALMFDAVHVVVSAVRELNRSQEI
0,LQDAISKMDPTDAKYHMQRCIDSGLWVPNSK
0,IEAHSRMVIPGGIDVHTRFQMPDQGMTSADD
0,GTKAALAGGTTMIIDHVVPEPGTSLLAAFDQ
0,WREWADSKSCCDYSLHVDISEWHKGIQEEME
0,NSLLSCGDLQVTGSAHCTFNTAQKAVGKDNF
0,TDLANVLEQGPLLEEHARLFMYQLLRGLKYI
0,KWIPVEDSHTADISSHFQEAIDFIDCVREKG
0,AIAQLSKEAGVEKFIHVSHLNANIKSSSRYL
0,GKSFAFVGPSRYLLFHLVKYIFAVAHRLFLP
0,KEIKIMSRLKDPNIIHLLAVCITDDPLCMIT
0,KAAKIIIVPPIMFESHMYIFKTLASALHERG
0,LLLVDPNDMCGFVIAHLLGVKYAVFSTGLWY
0,EVLQGLYQAPLSMDVHMLVAEHVKAAGAISA
0,QRVARPRAQETLQEVHRFVVREYLARALRPR
0,VAEILGETYKDDIQRHLETLIRSYPDIRRDH
0,EEELLRVSGGVDMSSHQEVFASLFHKVSCSP
0,EYLKVRSHDPEEAIRHDVIVTIITAAKRDLA
0,EEHRNRGKLSDLVAEHLDHLHYLNDILIINC
0,LDMVYHALDSPDDDYHALFVLCLLYAMSHNK
0,KQQVLMSAGCIMKDVHLACLEGAREESVHLV
0,PQLACLLEWGQTFVFHVVCREYELERPKSVI
0,MIRLAVDGADIYIVEHGCATNIKMGAIRVAN
0,DHHSKHEAQRHFLETHDARTKRLWFLWPDDI
0,RFLQENPSCLLCNILHHYLHQANYSIIDDAT
0,LSFTACMSDFSLYVFHPYGAGKQKTAVSGLT
0,GSMSLHGNHMTLACFHGPNFRSKSWALFHLE
0,QLARIQNVIQELPPSHYRTLEYLIRHLAHIA
0,RDATPTEGMINLYGAHTFFLCLEDARGSSFG
0,NPVCTEWWTDQVAKFHDHLEFDGVWIEMNEV
0,SNNLNFPPFLPRVLDHLLFARTLCMDTEFHG
0,EFHGGLHYDIHSLYGHSMARTTNLALETIFM
0,NIRYTLLPYLYTLFYHAHTRGETVARPLVHE
0,LIGRPAMIPYWALGFHLSRYGYQNDAEISSL
0,RRMQDEPYQALVAELHRRALVEYVRPLLRGR